work,words
urn:cts:greekLit:ggm0001.ggm001,314
urn:cts:greekLit:ogl0001.ogl001,87
urn:cts:greekLit:stoa0033a.tlg028,6424
urn:cts:greekLit:stoa0033a.tlg043,3460
urn:cts:greekLit:stoa0121.stoa001,3505
urn:cts:greekLit:stoa0146d.stoa001,28057
urn:cts:greekLit:tlg0001.tlg001,11766
urn:cts:greekLit:tlg0003.tlg001,22303
urn:cts:greekLit:tlg0004.tlg001,18941
urn:cts:greekLit:tlg0005.tlg001,1949
urn:cts:greekLit:tlg0005.tlg002,895
urn:cts:greekLit:tlg0005.tlg003,77
urn:cts:greekLit:tlg0006.tlg001,4139
urn:cts:greekLit:tlg0006.tlg002,6602
urn:cts:greekLit:tlg0006.tlg003,8026
urn:cts:greekLit:tlg0006.tlg004,6272
urn:cts:greekLit:tlg0006.tlg005,8256
urn:cts:greekLit:tlg0006.tlg006,7397
urn:cts:greekLit:tlg0006.tlg007,7340
urn:cts:greekLit:tlg0006.tlg008,7166
urn:cts:greekLit:tlg0006.tlg009,7977
urn:cts:greekLit:tlg0006.tlg010,9339
urn:cts:greekLit:tlg0006.tlg011,7230
urn:cts:greekLit:tlg0006.tlg012,7781
urn:cts:greekLit:tlg0006.tlg013,8497
urn:cts:greekLit:tlg0006.tlg014,9982
urn:cts:greekLit:tlg0006.tlg015,9951
urn:cts:greekLit:tlg0006.tlg016,10115
urn:cts:greekLit:tlg0006.tlg017,7610
urn:cts:greekLit:tlg0006.tlg018,9481
urn:cts:greekLit:tlg0006.tlg019,5502
urn:cts:greekLit:tlg0006.tlg020,15706
urn:cts:greekLit:tlg0007.tlg001,393
urn:cts:greekLit:tlg0007.tlg002,507
urn:cts:greekLit:tlg0007.tlg003,346
urn:cts:greekLit:tlg0007.tlg004,615
urn:cts:greekLit:tlg0007.tlg005,555
urn:cts:greekLit:tlg0007.tlg006,520
urn:cts:greekLit:tlg0007.tlg007,485
urn:cts:greekLit:tlg0007.tlg008,380
urn:cts:greekLit:tlg0007.tlg009,277
urn:cts:greekLit:tlg0007.tlg010,399
urn:cts:greekLit:tlg0007.tlg011,438
urn:cts:greekLit:tlg0007.tlg012,632
urn:cts:greekLit:tlg0007.tlg013,438
urn:cts:greekLit:tlg0007.tlg014,251
urn:cts:greekLit:tlg0007.tlg015,473
urn:cts:greekLit:tlg0007.tlg016,397
urn:cts:greekLit:tlg0007.tlg017,321
urn:cts:greekLit:tlg0007.tlg018,363
urn:cts:greekLit:tlg0007.tlg019,398
urn:cts:greekLit:tlg0007.tlg020,344
urn:cts:greekLit:tlg0007.tlg021,420
urn:cts:greekLit:tlg0007.tlg022,481
urn:cts:greekLit:tlg0007.tlg023,364
urn:cts:greekLit:tlg0007.tlg024,459
urn:cts:greekLit:tlg0007.tlg025,499
urn:cts:greekLit:tlg0007.tlg026,333
urn:cts:greekLit:tlg0007.tlg027,389
urn:cts:greekLit:tlg0007.tlg028,421
urn:cts:greekLit:tlg0007.tlg029,202
urn:cts:greekLit:tlg0007.tlg030,674
urn:cts:greekLit:tlg0007.tlg031,504
urn:cts:greekLit:tlg0007.tlg032,453
urn:cts:greekLit:tlg0007.tlg033,767
urn:cts:greekLit:tlg0007.tlg034,307
urn:cts:greekLit:tlg0007.tlg035,467
urn:cts:greekLit:tlg0007.tlg036,504
urn:cts:greekLit:tlg0007.tlg037,373
urn:cts:greekLit:tlg0007.tlg038,486
urn:cts:greekLit:tlg0007.tlg039,652
urn:cts:greekLit:tlg0007.tlg040,340
urn:cts:greekLit:tlg0007.tlg041,417
urn:cts:greekLit:tlg0007.tlg042,376
urn:cts:greekLit:tlg0007.tlg043,207
urn:cts:greekLit:tlg0007.tlg044,397
urn:cts:greekLit:tlg0007.tlg045,472
urn:cts:greekLit:tlg0007.tlg046,387
urn:cts:greekLit:tlg0007.tlg047,495
urn:cts:greekLit:tlg0007.tlg048,456
urn:cts:greekLit:tlg0007.tlg049,369
urn:cts:greekLit:tlg0007.tlg050,436
urn:cts:greekLit:tlg0007.tlg051,8926
urn:cts:greekLit:tlg0007.tlg052,5029
urn:cts:greekLit:tlg0007.tlg053,293
urn:cts:greekLit:tlg0007.tlg054,318
urn:cts:greekLit:tlg0007.tlg055,383
urn:cts:greekLit:tlg0007.tlg056,317
urn:cts:greekLit:tlg0007.tlg057,459
urn:cts:greekLit:tlg0007.tlg058,411
urn:cts:greekLit:tlg0007.tlg059,177
urn:cts:greekLit:tlg0007.tlg060,402
urn:cts:greekLit:tlg0007.tlg061,351
urn:cts:greekLit:tlg0007.tlg062,299
urn:cts:greekLit:tlg0007.tlg063,403
urn:cts:greekLit:tlg0007.tlg064,354
urn:cts:greekLit:tlg0007.tlg065,320
urn:cts:greekLit:tlg0007.tlg066,374
urn:cts:greekLit:tlg0007.tlg067,6147
urn:cts:greekLit:tlg0007.tlg068,9861
urn:cts:greekLit:tlg0007.tlg069,5120
urn:cts:greekLit:tlg0007.tlg070,11773
urn:cts:greekLit:tlg0007.tlg071,5044
urn:cts:greekLit:tlg0007.tlg072,2999
urn:cts:greekLit:tlg0007.tlg073,1813
urn:cts:greekLit:tlg0007.tlg074,1255
urn:cts:greekLit:tlg0007.tlg075,664
urn:cts:greekLit:tlg0007.tlg076,9236
urn:cts:greekLit:tlg0007.tlg077,6929
urn:cts:greekLit:tlg0007.tlg078,3713
urn:cts:greekLit:tlg0007.tlg079,8746
urn:cts:greekLit:tlg0007.tlg080,3325
urn:cts:greekLit:tlg0007.tlg081,1126
urn:cts:greekLit:tlg0007.tlg082,3206
urn:cts:greekLit:tlg0007.tlg082a,1617
urn:cts:greekLit:tlg0007.tlg082b,758
urn:cts:greekLit:tlg0007.tlg083,9438
urn:cts:greekLit:tlg0007.tlg084a,13490
urn:cts:greekLit:tlg0007.tlg084b,5940
urn:cts:greekLit:tlg0007.tlg085,4731
urn:cts:greekLit:tlg0007.tlg086,4601
urn:cts:greekLit:tlg0007.tlg087,5353
urn:cts:greekLit:tlg0007.tlg088,2693
urn:cts:greekLit:tlg0007.tlg089,15885
urn:cts:greekLit:tlg0007.tlg090,4876
urn:cts:greekLit:tlg0007.tlg091,7102
urn:cts:greekLit:tlg0007.tlg092,13542
urn:cts:greekLit:tlg0007.tlg093,654
urn:cts:greekLit:tlg0007.tlg094,5759
urn:cts:greekLit:tlg0007.tlg095,5441
urn:cts:greekLit:tlg0007.tlg096,6042
urn:cts:greekLit:tlg0007.tlg097,6621
urn:cts:greekLit:tlg0007.tlg098,2162
urn:cts:greekLit:tlg0007.tlg099,862
urn:cts:greekLit:tlg0007.tlg100,852
urn:cts:greekLit:tlg0007.tlg101,5871
urn:cts:greekLit:tlg0007.tlg102,3714
urn:cts:greekLit:tlg0007.tlg103,2249
urn:cts:greekLit:tlg0007.tlg104,3659
urn:cts:greekLit:tlg0007.tlg105,996
urn:cts:greekLit:tlg0007.tlg106,3969
urn:cts:greekLit:tlg0007.tlg107,9366
urn:cts:greekLit:tlg0007.tlg108,3423
urn:cts:greekLit:tlg0007.tlg109,11501
urn:cts:greekLit:tlg0007.tlg110,3914
urn:cts:greekLit:tlg0007.tlg111,1945
urn:cts:greekLit:tlg0007.tlg112,8916
urn:cts:greekLit:tlg0007.tlg113,10849
urn:cts:greekLit:tlg0007.tlg114,1815
urn:cts:greekLit:tlg0007.tlg115,1531
urn:cts:greekLit:tlg0007.tlg116,1590
urn:cts:greekLit:tlg0007.tlg117,6743
urn:cts:greekLit:tlg0007.tlg118,12441
urn:cts:greekLit:tlg0007.tlg119,548
urn:cts:greekLit:tlg0007.tlg120,2007
urn:cts:greekLit:tlg0007.tlg121,1990
urn:cts:greekLit:tlg0007.tlg122,718
urn:cts:greekLit:tlg0007.tlg123,8969
urn:cts:greekLit:tlg0007.tlg125,4754
urn:cts:greekLit:tlg0007.tlg126,12688
urn:cts:greekLit:tlg0007.tlg127,5009
urn:cts:greekLit:tlg0007.tlg128,1626
urn:cts:greekLit:tlg0007.tlg129,11882
urn:cts:greekLit:tlg0007.tlg130,3454
urn:cts:greekLit:tlg0007.tlg131,1587
urn:cts:greekLit:tlg0007.tlg132,1245
urn:cts:greekLit:tlg0007.tlg133,1271
urn:cts:greekLit:tlg0007.tlg134,9442
urn:cts:greekLit:tlg0007.tlg135,1192
urn:cts:greekLit:tlg0007.tlg136,12073
urn:cts:greekLit:tlg0007.tlg137,502
urn:cts:greekLit:tlg0007.tlg138,13798
urn:cts:greekLit:tlg0007.tlg139,9714
urn:cts:greekLit:tlg0007.tlg140,9894
urn:cts:greekLit:tlg0007.tlg141,1238
urn:cts:greekLit:tlg0007.tlg146,1956
urn:cts:greekLit:tlg0007.tlg147,143
urn:cts:greekLit:tlg0008.tlg001,22008
urn:cts:greekLit:tlg0010.tlg001,1095
urn:cts:greekLit:tlg0010.tlg002,3559
urn:cts:greekLit:tlg0010.tlg003,1121
urn:cts:greekLit:tlg0010.tlg004,2901
urn:cts:greekLit:tlg0010.tlg005,3362
urn:cts:greekLit:tlg0010.tlg006,2924
urn:cts:greekLit:tlg0010.tlg007,2893
urn:cts:greekLit:tlg0010.tlg008,1324
urn:cts:greekLit:tlg0010.tlg009,3730
urn:cts:greekLit:tlg0010.tlg010,2748
urn:cts:greekLit:tlg0010.tlg011,10780
urn:cts:greekLit:tlg0010.tlg012,3191
urn:cts:greekLit:tlg0010.tlg013,3012
urn:cts:greekLit:tlg0010.tlg014,3736
urn:cts:greekLit:tlg0010.tlg015,4601
urn:cts:greekLit:tlg0010.tlg016,6129
urn:cts:greekLit:tlg0010.tlg017,7926
urn:cts:greekLit:tlg0010.tlg018,4578
urn:cts:greekLit:tlg0010.tlg019,17628
urn:cts:greekLit:tlg0010.tlg020,8771
urn:cts:greekLit:tlg0010.tlg021,15860
urn:cts:greekLit:tlg0010.tlg022,587
urn:cts:greekLit:tlg0010.tlg023,891
urn:cts:greekLit:tlg0010.tlg024,1143
urn:cts:greekLit:tlg0010.tlg025,667
urn:cts:greekLit:tlg0010.tlg026,780
urn:cts:greekLit:tlg0010.tlg027,1279
urn:cts:greekLit:tlg0010.tlg028,281
urn:cts:greekLit:tlg0010.tlg029,823
urn:cts:greekLit:tlg0010.tlg030,421
urn:cts:greekLit:tlg0011.tlg001,7294
urn:cts:greekLit:tlg0011.tlg002,7360
urn:cts:greekLit:tlg0011.tlg003,7982
urn:cts:greekLit:tlg0011.tlg004,9292
urn:cts:greekLit:tlg0011.tlg005,8704
urn:cts:greekLit:tlg0011.tlg006,8830
urn:cts:greekLit:tlg0011.tlg007,10400
urn:cts:greekLit:tlg0011.tlg008,1993
urn:cts:greekLit:tlg0012.tlg001,6441
urn:cts:greekLit:tlg0012.tlg002,6107
urn:cts:greekLit:tlg0012.tlg003,160
urn:cts:greekLit:tlg0013.tlg001,144
urn:cts:greekLit:tlg0013.tlg002,3373
urn:cts:greekLit:tlg0013.tlg003,3833
urn:cts:greekLit:tlg0013.tlg004,4031
urn:cts:greekLit:tlg0013.tlg005,2047
urn:cts:greekLit:tlg0013.tlg006,131
urn:cts:greekLit:tlg0013.tlg007,425
urn:cts:greekLit:tlg0013.tlg008,100
urn:cts:greekLit:tlg0013.tlg009,57
urn:cts:greekLit:tlg0013.tlg010,39
urn:cts:greekLit:tlg0013.tlg011,35
urn:cts:greekLit:tlg0013.tlg012,28
urn:cts:greekLit:tlg0013.tlg013,20
urn:cts:greekLit:tlg0013.tlg014,46
urn:cts:greekLit:tlg0013.tlg015,61
urn:cts:greekLit:tlg0013.tlg016,33
urn:cts:greekLit:tlg0013.tlg017,27
urn:cts:greekLit:tlg0013.tlg018,75
urn:cts:greekLit:tlg0013.tlg019,336
urn:cts:greekLit:tlg0013.tlg020,51
urn:cts:greekLit:tlg0013.tlg021,38
urn:cts:greekLit:tlg0013.tlg022,42
urn:cts:greekLit:tlg0013.tlg023,22
urn:cts:greekLit:tlg0013.tlg024,33
urn:cts:greekLit:tlg0013.tlg025,51
urn:cts:greekLit:tlg0013.tlg026,89
urn:cts:greekLit:tlg0013.tlg027,132
urn:cts:greekLit:tlg0013.tlg028,111
urn:cts:greekLit:tlg0013.tlg029,96
urn:cts:greekLit:tlg0013.tlg030,133
urn:cts:greekLit:tlg0013.tlg031,131
urn:cts:greekLit:tlg0013.tlg032,123
urn:cts:greekLit:tlg0013.tlg033,116
urn:cts:greekLit:tlg0014.tlg001,1835
urn:cts:greekLit:tlg0014.tlg002,2045
urn:cts:greekLit:tlg0014.tlg003,2357
urn:cts:greekLit:tlg0014.tlg004,3285
urn:cts:greekLit:tlg0014.tlg005,1457
urn:cts:greekLit:tlg0014.tlg006,1996
urn:cts:greekLit:tlg0014.tlg007,2439
urn:cts:greekLit:tlg0014.tlg008,4233
urn:cts:greekLit:tlg0014.tlg009,4308
urn:cts:greekLit:tlg0014.tlg010,4447
urn:cts:greekLit:tlg0014.tlg011,1290
urn:cts:greekLit:tlg0014.tlg012,1414
urn:cts:greekLit:tlg0014.tlg013,2319
urn:cts:greekLit:tlg0014.tlg014,2592
urn:cts:greekLit:tlg0014.tlg015,2210
urn:cts:greekLit:tlg0014.tlg016,1856
urn:cts:greekLit:tlg0014.tlg017,1790
urn:cts:greekLit:tlg0014.tlg018,22431
urn:cts:greekLit:tlg0014.tlg019,23064
urn:cts:greekLit:tlg0014.tlg020,11367
urn:cts:greekLit:tlg0014.tlg021,15748
urn:cts:greekLit:tlg0014.tlg022,5634
urn:cts:greekLit:tlg0014.tlg023,15419
urn:cts:greekLit:tlg0014.tlg024,14667
urn:cts:greekLit:tlg0014.tlg025,6722
urn:cts:greekLit:tlg0014.tlg026,1686
urn:cts:greekLit:tlg0014.tlg027,4575
urn:cts:greekLit:tlg0014.tlg028,1516
urn:cts:greekLit:tlg0014.tlg029,3908
urn:cts:greekLit:tlg0014.tlg030,2360
urn:cts:greekLit:tlg0014.tlg031,951
urn:cts:greekLit:tlg0014.tlg032,1913
urn:cts:greekLit:tlg0014.tlg033,2553
urn:cts:greekLit:tlg0014.tlg034,3269
urn:cts:greekLit:tlg0014.tlg035,3653
urn:cts:greekLit:tlg0014.tlg036,3972
urn:cts:greekLit:tlg0014.tlg037,3787
urn:cts:greekLit:tlg0014.tlg038,1852
urn:cts:greekLit:tlg0014.tlg039,2747
urn:cts:greekLit:tlg0014.tlg040,3914
urn:cts:greekLit:tlg0014.tlg041,1967
urn:cts:greekLit:tlg0014.tlg042,2242
urn:cts:greekLit:tlg0014.tlg043,6301
urn:cts:greekLit:tlg0014.tlg044,4217
urn:cts:greekLit:tlg0014.tlg045,5707
urn:cts:greekLit:tlg0014.tlg046,1857
urn:cts:greekLit:tlg0014.tlg047,5397
urn:cts:greekLit:tlg0014.tlg048,3524
urn:cts:greekLit:tlg0014.tlg049,4365
urn:cts:greekLit:tlg0014.tlg050,4618
urn:cts:greekLit:tlg0014.tlg051,1345
urn:cts:greekLit:tlg0014.tlg052,2122
urn:cts:greekLit:tlg0014.tlg053,2015
urn:cts:greekLit:tlg0014.tlg054,3190
urn:cts:greekLit:tlg0014.tlg055,2119
urn:cts:greekLit:tlg0014.tlg056,3309
urn:cts:greekLit:tlg0014.tlg057,4625
urn:cts:greekLit:tlg0014.tlg058,4698
urn:cts:greekLit:tlg0014.tlg059,9231
urn:cts:greekLit:tlg0014.tlg060,2545
urn:cts:greekLit:tlg0014.tlg061,3661
urn:cts:greekLit:tlg0014.tlg062,305
urn:cts:greekLit:tlg0014.tlg063,2544
urn:cts:greekLit:tlg0015.tlg001,7716
urn:cts:greekLit:tlg0016.tlg001,29044
urn:cts:greekLit:tlg0017.tlg001,2716
urn:cts:greekLit:tlg0017.tlg002,2759
urn:cts:greekLit:tlg0017.tlg003,4447
urn:cts:greekLit:tlg0017.tlg004,1804
urn:cts:greekLit:tlg0017.tlg005,3084
urn:cts:greekLit:tlg0017.tlg006,3649
urn:cts:greekLit:tlg0017.tlg007,2802
urn:cts:greekLit:tlg0017.tlg008,3191
urn:cts:greekLit:tlg0017.tlg009,2264
urn:cts:greekLit:tlg0017.tlg010,2037
urn:cts:greekLit:tlg0017.tlg011,3605
urn:cts:greekLit:tlg0017.tlg012,951
urn:cts:greekLit:tlg0018.tlg001,13347
urn:cts:greekLit:tlg0018.tlg002,17774
urn:cts:greekLit:tlg0018.tlg003,7688
urn:cts:greekLit:tlg0018.tlg004,9667
urn:cts:greekLit:tlg0018.tlg005,11464
urn:cts:greekLit:tlg0018.tlg006,11235
urn:cts:greekLit:tlg0018.tlg007,3299
urn:cts:greekLit:tlg0018.tlg008,9077
urn:cts:greekLit:tlg0018.tlg009,9053
urn:cts:greekLit:tlg0018.tlg010,8959
urn:cts:greekLit:tlg0018.tlg011,11627
urn:cts:greekLit:tlg0018.tlg012,3641
urn:cts:greekLit:tlg0018.tlg013,10471
urn:cts:greekLit:tlg0018.tlg014,12882
urn:cts:greekLit:tlg0018.tlg015,16093
urn:cts:greekLit:tlg0018.tlg016,9020
urn:cts:greekLit:tlg0018.tlg017,11168
urn:cts:greekLit:tlg0018.tlg018,13393
urn:cts:greekLit:tlg0018.tlg019,13262
urn:cts:greekLit:tlg0018.tlg020,13399
urn:cts:greekLit:tlg0018.tlg021,12859
urn:cts:greekLit:tlg0019.tlg001,7218
urn:cts:greekLit:tlg0019.tlg002,8931
urn:cts:greekLit:tlg0019.tlg003,9670
urn:cts:greekLit:tlg0019.tlg004,9848
urn:cts:greekLit:tlg0019.tlg005,8046
urn:cts:greekLit:tlg0019.tlg006,10775
urn:cts:greekLit:tlg0019.tlg007,8110
urn:cts:greekLit:tlg0019.tlg008,7274
urn:cts:greekLit:tlg0019.tlg009,9196
urn:cts:greekLit:tlg0019.tlg010,7683
urn:cts:greekLit:tlg0019.tlg011,8133
urn:cts:greekLit:tlg0020.tlg001,7039
urn:cts:greekLit:tlg0020.tlg002,5856
urn:cts:greekLit:tlg0020.tlg003,2832
urn:cts:greekLit:tlg0022.tlg001,6378
urn:cts:greekLit:tlg0022.tlg002,4137
urn:cts:greekLit:tlg0023.tlg001,5247
urn:cts:greekLit:tlg0024.tlg001,3940
urn:cts:greekLit:tlg0026.tlg001,13542
urn:cts:greekLit:tlg0026.tlg002,12325
urn:cts:greekLit:tlg0026.tlg003,18454
urn:cts:greekLit:tlg0026.tlg004,821
urn:cts:greekLit:tlg0027.tlg001,10057
urn:cts:greekLit:tlg0027.tlg002,1955
urn:cts:greekLit:tlg0027.tlg003,2678
urn:cts:greekLit:tlg0027.tlg004,2753
urn:cts:greekLit:tlg0028.tlg001,1756
urn:cts:greekLit:tlg0028.tlg002,756
urn:cts:greekLit:tlg0028.tlg003,781
urn:cts:greekLit:tlg0028.tlg004,614
urn:cts:greekLit:tlg0028.tlg005,6346
urn:cts:greekLit:tlg0028.tlg006,3399
urn:cts:greekLit:tlg0029.tlg004,7510
urn:cts:greekLit:tlg0029.tlg005,1790
urn:cts:greekLit:tlg0029.tlg006,1376
urn:cts:greekLit:tlg0030.tlg001,1391
urn:cts:greekLit:tlg0030.tlg002,917
urn:cts:greekLit:tlg0030.tlg003,2354
urn:cts:greekLit:tlg0030.tlg004,2664
urn:cts:greekLit:tlg0030.tlg005,2128
urn:cts:greekLit:tlg0030.tlg006,2071
urn:cts:greekLit:tlg0031.tlg001,1239
urn:cts:greekLit:tlg0031.tlg002,1198
urn:cts:greekLit:tlg0031.tlg003,1182
urn:cts:greekLit:tlg0031.tlg004,1237
urn:cts:greekLit:tlg0031.tlg005,1112
urn:cts:greekLit:tlg0031.tlg006,655
urn:cts:greekLit:tlg0031.tlg007,840
urn:cts:greekLit:tlg0031.tlg008,499
urn:cts:greekLit:tlg0031.tlg009,455
urn:cts:greekLit:tlg0031.tlg010,482
urn:cts:greekLit:tlg0031.tlg011,503
urn:cts:greekLit:tlg0031.tlg012,542
urn:cts:greekLit:tlg0031.tlg013,389
urn:cts:greekLit:tlg0031.tlg014,314
urn:cts:greekLit:tlg0031.tlg015,345
urn:cts:greekLit:tlg0031.tlg016,359
urn:cts:greekLit:tlg0031.tlg017,250
urn:cts:greekLit:tlg0031.tlg018,334
urn:cts:greekLit:tlg0031.tlg019,634
urn:cts:greekLit:tlg0031.tlg020,412
urn:cts:greekLit:tlg0031.tlg021,400
urn:cts:greekLit:tlg0031.tlg022,384
urn:cts:greekLit:tlg0031.tlg023,584
urn:cts:greekLit:tlg0031.tlg024,245
urn:cts:greekLit:tlg0031.tlg025,219
urn:cts:greekLit:tlg0031.tlg026,456
urn:cts:greekLit:tlg0031.tlg027,622
urn:cts:greekLit:tlg0032.tlg001,11248
urn:cts:greekLit:tlg0032.tlg002,9462
urn:cts:greekLit:tlg0032.tlg003,1831
urn:cts:greekLit:tlg0032.tlg004,3250
urn:cts:greekLit:tlg0032.tlg005,2000
urn:cts:greekLit:tlg0032.tlg006,10996
urn:cts:greekLit:tlg0032.tlg007,13850
urn:cts:greekLit:tlg0032.tlg008,1532
urn:cts:greekLit:tlg0032.tlg009,2035
urn:cts:greekLit:tlg0032.tlg010,701
urn:cts:greekLit:tlg0032.tlg011,2002
urn:cts:greekLit:tlg0032.tlg012,1160
urn:cts:greekLit:tlg0032.tlg013,969
urn:cts:greekLit:tlg0032.tlg014,1427
urn:cts:greekLit:tlg0033.tlg001,729
urn:cts:greekLit:tlg0033.tlg002,2076
urn:cts:greekLit:tlg0033.tlg003,686
urn:cts:greekLit:tlg0033.tlg004,513
urn:cts:greekLit:tlg0034.tlg001,10919
urn:cts:greekLit:tlg0035.tlg001,240
urn:cts:greekLit:tlg0035.tlg002,1132
urn:cts:greekLit:tlg0035.tlg003,898
urn:cts:greekLit:tlg0035.tlg004,888
urn:cts:greekLit:tlg0035.tlg005,108
urn:cts:greekLit:tlg0036.tlg001,717
urn:cts:greekLit:tlg0036.tlg002,226
urn:cts:greekLit:tlg0036.tlg003,119
urn:cts:greekLit:tlg0037.tlg001,1338
urn:cts:greekLit:tlg0039.tlg001,330
urn:cts:greekLit:tlg0041.tlg001,903
urn:cts:greekLit:tlg0044.tlg001,478
urn:cts:greekLit:tlg0045.tlg001,627
urn:cts:greekLit:tlg0046.tlg001,735
urn:cts:greekLit:tlg0048.tlg001,1434
urn:cts:greekLit:tlg0053.tlg001,748
urn:cts:greekLit:tlg0055.tlg001,8557
urn:cts:greekLit:tlg0057.tlg001,5079
urn:cts:greekLit:tlg0057.tlg002,1831
urn:cts:greekLit:tlg0057.tlg003,1387
urn:cts:greekLit:tlg0057.tlg004,6232
urn:cts:greekLit:tlg0057.tlg006,11963
urn:cts:greekLit:tlg0057.tlg007,16152
urn:cts:greekLit:tlg0057.tlg008,11108
urn:cts:greekLit:tlg0057.tlg009,11077
urn:cts:greekLit:tlg0057.tlg010,10922
urn:cts:greekLit:tlg0057.tlg011,11587
urn:cts:greekLit:tlg0057.tlg012,6936
urn:cts:greekLit:tlg0057.tlg013,7548
urn:cts:greekLit:tlg0057.tlg014,3605
urn:cts:greekLit:tlg0057.tlg015,4202
urn:cts:greekLit:tlg0057.tlg016,3264
urn:cts:greekLit:tlg0057.tlg017,15810
urn:cts:greekLit:tlg0057.tlg018,8287
urn:cts:greekLit:tlg0057.tlg019,6503
urn:cts:greekLit:tlg0057.tlg020,6056
urn:cts:greekLit:tlg0057.tlg021,12024
urn:cts:greekLit:tlg0057.tlg022,7721
urn:cts:greekLit:tlg0057.tlg023,4718
urn:cts:greekLit:tlg0057.tlg024,1767
urn:cts:greekLit:tlg0057.tlg025,820
urn:cts:greekLit:tlg0057.tlg027,8376
urn:cts:greekLit:tlg0057.tlg028,8203
urn:cts:greekLit:tlg0057.tlg029,6332
urn:cts:greekLit:tlg0057.tlg030,6264
urn:cts:greekLit:tlg0057.tlg031,4472
urn:cts:greekLit:tlg0057.tlg032,13166
urn:cts:greekLit:tlg0057.tlg033,14023
urn:cts:greekLit:tlg0057.tlg034,1710
urn:cts:greekLit:tlg0057.tlg035,606
urn:cts:greekLit:tlg0057.tlg036,12305
urn:cts:greekLit:tlg0057.tlg037,15849
urn:cts:greekLit:tlg0057.tlg038,10198
urn:cts:greekLit:tlg0057.tlg039,2213
urn:cts:greekLit:tlg0057.tlg040,502
urn:cts:greekLit:tlg0057.tlg041,6651
urn:cts:greekLit:tlg0057.tlg042,6091
urn:cts:greekLit:tlg0057.tlg043,6628
urn:cts:greekLit:tlg0057.tlg044,10520
urn:cts:greekLit:tlg0057.tlg045,11527
urn:cts:greekLit:tlg0057.tlg046,5299
urn:cts:greekLit:tlg0057.tlg047,3541
urn:cts:greekLit:tlg0057.tlg048,1580
urn:cts:greekLit:tlg0057.tlg049,5510
urn:cts:greekLit:tlg0057.tlg050,11088
urn:cts:greekLit:tlg0057.tlg051,9124
urn:cts:greekLit:tlg0057.tlg052,3254
urn:cts:greekLit:tlg0057.tlg053,5808
urn:cts:greekLit:tlg0057.tlg054,4224
urn:cts:greekLit:tlg0057.tlg055,3160
urn:cts:greekLit:tlg0057.tlg056,11199
urn:cts:greekLit:tlg0057.tlg057,12672
urn:cts:greekLit:tlg0057.tlg058,5983
urn:cts:greekLit:tlg0057.tlg059,11108
urn:cts:greekLit:tlg0057.tlg060,9035
urn:cts:greekLit:tlg0057.tlg061,8701
urn:cts:greekLit:tlg0057.tlg062,10782
urn:cts:greekLit:tlg0057.tlg063,15627
urn:cts:greekLit:tlg0057.tlg064,13963
urn:cts:greekLit:tlg0057.tlg065,11534
urn:cts:greekLit:tlg0057.tlg066,12585
urn:cts:greekLit:tlg0057.tlg067,11799
urn:cts:greekLit:tlg0057.tlg068,5977
urn:cts:greekLit:tlg0057.tlg069,9052
urn:cts:greekLit:tlg0057.tlg070,10067
urn:cts:greekLit:tlg0057.tlg071,703
urn:cts:greekLit:tlg0057.tlg072,2975
urn:cts:greekLit:tlg0057.tlg073,1997
urn:cts:greekLit:tlg0057.tlg074,3221
urn:cts:greekLit:tlg0057.tlg075,13632
urn:cts:greekLit:tlg0057.tlg076,17445
urn:cts:greekLit:tlg0057.tlg077,17128
urn:cts:greekLit:tlg0057.tlg078,14288
urn:cts:greekLit:tlg0057.tlg079,13028
urn:cts:greekLit:tlg0057.tlg081,8484
urn:cts:greekLit:tlg0057.tlg082,2528
urn:cts:greekLit:tlg0057.tlg083,11033
urn:cts:greekLit:tlg0057.tlg084,1370
urn:cts:greekLit:tlg0057.tlg085,15238
urn:cts:greekLit:tlg0057.tlg086,6595
urn:cts:greekLit:tlg0057.tlg087,24270
urn:cts:greekLit:tlg0057.tlg089,75566
urn:cts:greekLit:tlg0057.tlg092,16246
urn:cts:greekLit:tlg0057.tlg093,7444
urn:cts:greekLit:tlg0057.tlg094,7612
urn:cts:greekLit:tlg0057.tlg095,23394
urn:cts:greekLit:tlg0057.tlg096,9775
urn:cts:greekLit:tlg0057.tlg099,15740
urn:cts:greekLit:tlg0057.tlg100,15087
urn:cts:greekLit:tlg0057.tlg101,14915
urn:cts:greekLit:tlg0057.tlg102,14742
urn:cts:greekLit:tlg0057.tlg103,4013
urn:cts:greekLit:tlg0057.tlg107,1006
urn:cts:greekLit:tlg0057.tlg114,674
urn:cts:greekLit:tlg0058.tlg001,1605
urn:cts:greekLit:tlg0059.tlg001,5394
urn:cts:greekLit:tlg0059.tlg002,8659
urn:cts:greekLit:tlg0059.tlg003,4261
urn:cts:greekLit:tlg0059.tlg004,22484
urn:cts:greekLit:tlg0059.tlg005,18977
urn:cts:greekLit:tlg0059.tlg006,23526
urn:cts:greekLit:tlg0059.tlg007,17203
urn:cts:greekLit:tlg0059.tlg008,18311
urn:cts:greekLit:tlg0059.tlg009,14172
urn:cts:greekLit:tlg0059.tlg010,18837
urn:cts:greekLit:tlg0059.tlg011,17307
urn:cts:greekLit:tlg0059.tlg012,16970
urn:cts:greekLit:tlg0059.tlg013,11171
urn:cts:greekLit:tlg0059.tlg014,4373
urn:cts:greekLit:tlg0059.tlg015,2395
urn:cts:greekLit:tlg0059.tlg016,2387
urn:cts:greekLit:tlg0059.tlg017,3583
urn:cts:greekLit:tlg0059.tlg018,8304
urn:cts:greekLit:tlg0059.tlg019,7930
urn:cts:greekLit:tlg0059.tlg020,6655
urn:cts:greekLit:tlg0059.tlg021,12189
urn:cts:greekLit:tlg0059.tlg022,17229
urn:cts:greekLit:tlg0059.tlg023,27303
urn:cts:greekLit:tlg0059.tlg024,10241
urn:cts:greekLit:tlg0059.tlg025,8763
urn:cts:greekLit:tlg0059.tlg026,4395
urn:cts:greekLit:tlg0059.tlg027,4015
urn:cts:greekLit:tlg0059.tlg028,4846
urn:cts:greekLit:tlg0059.tlg029,1552
urn:cts:greekLit:tlg0059.tlg030,10219
urn:cts:greekLit:tlg0059.tlg031,23747
urn:cts:greekLit:tlg0059.tlg032,4958
urn:cts:greekLit:tlg0059.tlg033,3019
urn:cts:greekLit:tlg0059.tlg034,12230
urn:cts:greekLit:tlg0059.tlg035,6328
urn:cts:greekLit:tlg0059.tlg036,8806
urn:cts:greekLit:tlg0059.tlg037,1727
urn:cts:greekLit:tlg0060.tlg001,31618
urn:cts:greekLit:tlg0062.tlg001,1971
urn:cts:greekLit:tlg0062.tlg002,969
urn:cts:greekLit:tlg0062.tlg003,1031
urn:cts:greekLit:tlg0062.tlg004,762
urn:cts:greekLit:tlg0062.tlg005,607
urn:cts:greekLit:tlg0062.tlg006,1185
urn:cts:greekLit:tlg0062.tlg007,4045
urn:cts:greekLit:tlg0062.tlg008,3114
urn:cts:greekLit:tlg0062.tlg009,3162
urn:cts:greekLit:tlg0062.tlg010,969
urn:cts:greekLit:tlg0062.tlg011,2120
urn:cts:greekLit:tlg0062.tlg012,5648
urn:cts:greekLit:tlg0062.tlg013,3177
urn:cts:greekLit:tlg0062.tlg014,1162
urn:cts:greekLit:tlg0062.tlg015,4741
urn:cts:greekLit:tlg0062.tlg016,4035
urn:cts:greekLit:tlg0062.tlg017,2330
urn:cts:greekLit:tlg0062.tlg018,6703
urn:cts:greekLit:tlg0062.tlg019,5714
urn:cts:greekLit:tlg0062.tlg020,2384
urn:cts:greekLit:tlg0062.tlg021,5262
urn:cts:greekLit:tlg0062.tlg022,6021
urn:cts:greekLit:tlg0062.tlg023,4233
urn:cts:greekLit:tlg0062.tlg024,3651
urn:cts:greekLit:tlg0062.tlg025,6428
urn:cts:greekLit:tlg0062.tlg026,5760
urn:cts:greekLit:tlg0062.tlg027,1796
urn:cts:greekLit:tlg0062.tlg028,3824
urn:cts:greekLit:tlg0062.tlg029,1806
urn:cts:greekLit:tlg0062.tlg030,6548
urn:cts:greekLit:tlg0062.tlg031,6306
urn:cts:greekLit:tlg0062.tlg032,2059
urn:cts:greekLit:tlg0062.tlg033,7115
urn:cts:greekLit:tlg0062.tlg034,6435
urn:cts:greekLit:tlg0062.tlg035,3335
urn:cts:greekLit:tlg0062.tlg036,1800
urn:cts:greekLit:tlg0062.tlg037,3550
urn:cts:greekLit:tlg0062.tlg038,6972
urn:cts:greekLit:tlg0062.tlg039,3261
urn:cts:greekLit:tlg0062.tlg040,3531
urn:cts:greekLit:tlg0062.tlg041,6304
urn:cts:greekLit:tlg0062.tlg042,4259
urn:cts:greekLit:tlg0062.tlg043,3208
urn:cts:greekLit:tlg0062.tlg044,9762
urn:cts:greekLit:tlg0062.tlg045,7045
urn:cts:greekLit:tlg0062.tlg046,2873
urn:cts:greekLit:tlg0062.tlg047,1341
urn:cts:greekLit:tlg0062.tlg048,2011
urn:cts:greekLit:tlg0062.tlg049,3936
urn:cts:greekLit:tlg0062.tlg050,1855
urn:cts:greekLit:tlg0062.tlg051,2928
urn:cts:greekLit:tlg0062.tlg052,4816
urn:cts:greekLit:tlg0062.tlg053,7588
urn:cts:greekLit:tlg0062.tlg054,936
urn:cts:greekLit:tlg0062.tlg055,5244
urn:cts:greekLit:tlg0062.tlg056,931
urn:cts:greekLit:tlg0062.tlg057,1589
urn:cts:greekLit:tlg0062.tlg058,1595
urn:cts:greekLit:tlg0062.tlg059,2069
urn:cts:greekLit:tlg0062.tlg060,983
urn:cts:greekLit:tlg0062.tlg061,939
urn:cts:greekLit:tlg0062.tlg062,1834
urn:cts:greekLit:tlg0062.tlg063,14258
urn:cts:greekLit:tlg0062.tlg064,1010
urn:cts:greekLit:tlg0062.tlg065,5407
urn:cts:greekLit:tlg0062.tlg066,1154
urn:cts:greekLit:tlg0062.tlg067,459
urn:cts:greekLit:tlg0062.tlg068,655
urn:cts:greekLit:tlg0062.tlg069,850
urn:cts:greekLit:tlg0062.tlg070,1830
urn:cts:greekLit:tlg0062.tlg071,1761
urn:cts:greekLit:tlg0064.tlg001,644
urn:cts:greekLit:tlg0065.tlg001,68
urn:cts:greekLit:tlg0066.tlg001,1710
urn:cts:greekLit:tlg0067.tlg001,19843
urn:cts:greekLit:tlg0068.tlg001,4217
urn:cts:greekLit:tlg0069.tlg001,659
urn:cts:greekLit:tlg0070.tlg001,869
urn:cts:greekLit:tlg0071.tlg001,6292
urn:cts:greekLit:tlg0074.tlg001,12661
urn:cts:greekLit:tlg0074.tlg002,493
urn:cts:greekLit:tlg0074.tlg003,451
urn:cts:greekLit:tlg0074.tlg004,254
urn:cts:greekLit:tlg0074.tlg005,493
urn:cts:greekLit:tlg0074.tlg006,1265
urn:cts:greekLit:tlg0074.tlg008,196
urn:cts:greekLit:tlg0075.tlg001,5508
urn:cts:greekLit:tlg0077.tlg001,979
urn:cts:greekLit:tlg0081.tlg001,28549
urn:cts:greekLit:tlg0081.tlg002,878
urn:cts:greekLit:tlg0081.tlg003,7766
urn:cts:greekLit:tlg0081.tlg004,6404
urn:cts:greekLit:tlg0081.tlg005,5340
urn:cts:greekLit:tlg0081.tlg006,22093
urn:cts:greekLit:tlg0081.tlg007,261
urn:cts:greekLit:tlg0081.tlg008,3417
urn:cts:greekLit:tlg0081.tlg009,4208
urn:cts:greekLit:tlg0081.tlg010,16869
urn:cts:greekLit:tlg0081.tlg011,2612
urn:cts:greekLit:tlg0081.tlg012,20892
urn:cts:greekLit:tlg0081.tlg013,9661
urn:cts:greekLit:tlg0081.tlg014,1770
urn:cts:greekLit:tlg0081.tlg015,1366
urn:cts:greekLit:tlg0081.tlg016,6069
urn:cts:greekLit:tlg0082.tlg001,27551
urn:cts:greekLit:tlg0082.tlg002,26054
urn:cts:greekLit:tlg0082.tlg003,12912
urn:cts:greekLit:tlg0082.tlg004,19429
urn:cts:greekLit:tlg0083.tlg003,209
urn:cts:greekLit:tlg0084.tlg001,7623
urn:cts:greekLit:tlg0085.tlg001,4977
urn:cts:greekLit:tlg0085.tlg002,5221
urn:cts:greekLit:tlg0085.tlg003,5943
urn:cts:greekLit:tlg0085.tlg004,5157
urn:cts:greekLit:tlg0085.tlg005,8256
urn:cts:greekLit:tlg0085.tlg006,5463
urn:cts:greekLit:tlg0085.tlg007,5320
urn:cts:greekLit:tlg0086.tlg001,37443
urn:cts:greekLit:tlg0086.tlg002,8072
urn:cts:greekLit:tlg0086.tlg003,16949
urn:cts:greekLit:tlg0086.tlg004,3492
urn:cts:greekLit:tlg0086.tlg005,10410
urn:cts:greekLit:tlg0086.tlg006,10316
urn:cts:greekLit:tlg0086.tlg007,1630
urn:cts:greekLit:tlg0086.tlg008,1205
urn:cts:greekLit:tlg0086.tlg011,795
urn:cts:greekLit:tlg0086.tlg012,12002
urn:cts:greekLit:tlg0086.tlg013,9801
urn:cts:greekLit:tlg0086.tlg014,15646
urn:cts:greekLit:tlg0086.tlg015,6390
urn:cts:greekLit:tlg0086.tlg016,2436
urn:cts:greekLit:tlg0086.tlg017,6272
urn:cts:greekLit:tlg0086.tlg018,1852
urn:cts:greekLit:tlg0086.tlg019,2959
urn:cts:greekLit:tlg0086.tlg020,1792
urn:cts:greekLit:tlg0086.tlg021,4127
urn:cts:greekLit:tlg0086.tlg022,12406
urn:cts:greekLit:tlg0086.tlg023,1119
urn:cts:greekLit:tlg0086.tlg024,2518
urn:cts:greekLit:tlg0086.tlg026,11019
urn:cts:greekLit:tlg0086.tlg027,267
urn:cts:greekLit:tlg0086.tlg030,10554
urn:cts:greekLit:tlg0086.tlg031,11381
urn:cts:greekLit:tlg0086.tlg032,2466
urn:cts:greekLit:tlg0086.tlg034,10194
urn:cts:greekLit:tlg0086.tlg036,5377
urn:cts:greekLit:tlg0086.tlg037,6086
urn:cts:greekLit:tlg0086.tlg039,6057
urn:cts:greekLit:tlg0086.tlg040,14114
urn:cts:greekLit:tlg0086.tlg041,1583
urn:cts:greekLit:tlg0086.tlg042,2992
urn:cts:greekLit:tlg0086.tlg043,3478
urn:cts:greekLit:tlg0086.tlg044,8379
urn:cts:greekLit:tlg0086.tlg046,432
urn:cts:greekLit:tlg0086.tlg047,2145
urn:cts:greekLit:tlg0086.tlg048,5466
urn:cts:greekLit:tlg0086.tlg052,2465
urn:cts:greekLit:tlg0086.tlg054,2383
urn:cts:greekLit:tlg0087.tlg001,141582
urn:cts:greekLit:tlg0087.tlg002,2865
urn:cts:greekLit:tlg0087.tlg004,3955
urn:cts:greekLit:tlg0087.tlg005,73
urn:cts:greekLit:tlg0087.tlg006,149
urn:cts:greekLit:tlg0087.tlg007,3194
urn:cts:greekLit:tlg0087.tlg008,1153
urn:cts:greekLit:tlg0087.tlg009,56077
urn:cts:greekLit:tlg0087.tlg009a,269
urn:cts:greekLit:tlg0087.tlg010,6037
urn:cts:greekLit:tlg0087.tlg011,36153
urn:cts:greekLit:tlg0087.tlg012,7984
urn:cts:greekLit:tlg0087.tlg013,48227
urn:cts:greekLit:tlg0087.tlg014,53
urn:cts:greekLit:tlg0087.tlg015,83
urn:cts:greekLit:tlg0087.tlg016,97
urn:cts:greekLit:tlg0087.tlg017,76
urn:cts:greekLit:tlg0087.tlg018,1499
urn:cts:greekLit:tlg0087.tlg019,148
urn:cts:greekLit:tlg0087.tlg020,102
urn:cts:greekLit:tlg0087.tlg021,1628
urn:cts:greekLit:tlg0087.tlg022,1533
urn:cts:greekLit:tlg0087.tlg023,482
urn:cts:greekLit:tlg0087.tlg024,54
urn:cts:greekLit:tlg0087.tlg025,638
urn:cts:greekLit:tlg0087.tlg026,14650
urn:cts:greekLit:tlg0087.tlg027,1849
urn:cts:greekLit:tlg0087.tlg028,237
urn:cts:greekLit:tlg0087.tlg029,59
urn:cts:greekLit:tlg0087.tlg030,509
urn:cts:greekLit:tlg0087.tlg031,44
urn:cts:greekLit:tlg0087.tlg032,44
urn:cts:greekLit:tlg0087.tlg033,5716
urn:cts:greekLit:tlg0088.tlg001,9058
urn:cts:greekLit:tlg0090.tlg001,664
urn:cts:greekLit:tlg0092.tlg001,1181
urn:cts:greekLit:tlg0093.ogl001,703
urn:cts:greekLit:tlg0093.ogl002,1573
urn:cts:greekLit:tlg0093.tlg001,12725
urn:cts:greekLit:tlg0093.tlg002,13764
urn:cts:greekLit:tlg0093.tlg003,9048
urn:cts:greekLit:tlg0093.tlg004,4290
urn:cts:greekLit:tlg0093.tlg005,877
urn:cts:greekLit:tlg0093.tlg006,3372
urn:cts:greekLit:tlg0093.tlg009,349
urn:cts:greekLit:tlg0093.tlg010x01,704
urn:cts:greekLit:tlg0093.tlg010x02,942
urn:cts:greekLit:tlg0093.tlg010x03,1561
urn:cts:greekLit:tlg0093.tlg010x04,1434
urn:cts:greekLit:tlg0093.tlg010x05,927
urn:cts:greekLit:tlg0093.tlg010x06,2417
urn:cts:greekLit:tlg0093.tlg010x07,295
urn:cts:greekLit:tlg0093.tlg010x08,97
urn:cts:greekLit:tlg0093.tlg010x09,1334
urn:cts:greekLit:tlg0094.tlg001,611
urn:cts:greekLit:tlg0094.tlg002,7902
urn:cts:greekLit:tlg0094.tlg003,5132
urn:cts:greekLit:tlg0096.tlg002,43721
urn:cts:greekLit:tlg0097.tlg001,1747
urn:cts:greekLit:tlg0098.tlg001,4697
urn:cts:greekLit:tlg0099.tlg001,23904
urn:cts:greekLit:tlg0099.tlg004,5153
urn:cts:greekLit:tlg0199.tlg001,758
urn:cts:greekLit:tlg0199.tlg002,537
urn:cts:greekLit:tlg0233.tlg001,356
urn:cts:greekLit:tlg0317.tlg001,12548
urn:cts:greekLit:tlg0317.tlg002,2520
urn:cts:greekLit:tlg0319.tlg004,4125
urn:cts:greekLit:tlg0357.tlg001,1310
urn:cts:greekLit:tlg0358.tlg001,12318
urn:cts:greekLit:tlg0358.tlg002,5108
urn:cts:greekLit:tlg0358.tlg004,2408
urn:cts:greekLit:tlg0358.tlg005,1218
urn:cts:greekLit:tlg0361.tlg001,3710
urn:cts:greekLit:tlg0362.tlg001,1258
urn:cts:greekLit:tlg0363.tlg001,18551
urn:cts:greekLit:tlg0363.tlg011,1627
urn:cts:greekLit:tlg0509.tlg001,291
urn:cts:greekLit:tlg0521.tlg008,2572
urn:cts:greekLit:tlg0525.tlg001,28666
urn:cts:greekLit:tlg0526.tlg003,10700
urn:cts:greekLit:tlg0527.tlg001,1536
urn:cts:greekLit:tlg0527.tlg002,1096
urn:cts:greekLit:tlg0527.tlg003,1479
urn:cts:greekLit:tlg0527.tlg004,1392
urn:cts:greekLit:tlg0527.tlg005,1605
urn:cts:greekLit:tlg0527.tlg006,1062
urn:cts:greekLit:tlg0527.tlg008,1330
urn:cts:greekLit:tlg0527.tlg010,598
urn:cts:greekLit:tlg0527.tlg011,1446
urn:cts:greekLit:tlg0527.tlg012,1298
urn:cts:greekLit:tlg0527.tlg013,1856
urn:cts:greekLit:tlg0527.tlg014,1200
urn:cts:greekLit:tlg0527.tlg015,1087
urn:cts:greekLit:tlg0527.tlg016,1193
urn:cts:greekLit:tlg0527.tlg017,1865
urn:cts:greekLit:tlg0527.tlg018,1080
urn:cts:greekLit:tlg0527.tlg019,1250
urn:cts:greekLit:tlg0527.tlg020,924
urn:cts:greekLit:tlg0527.tlg021,558
urn:cts:greekLit:tlg0527.tlg023,1803
urn:cts:greekLit:tlg0527.tlg024,1061
urn:cts:greekLit:tlg0527.tlg025,1072
urn:cts:greekLit:tlg0527.tlg026,636
urn:cts:greekLit:tlg0527.tlg027,1821
urn:cts:greekLit:tlg0527.tlg028,687
urn:cts:greekLit:tlg0527.tlg029,936
urn:cts:greekLit:tlg0527.tlg031,287
urn:cts:greekLit:tlg0527.tlg032,513
urn:cts:greekLit:tlg0527.tlg033,465
urn:cts:greekLit:tlg0527.tlg034,547
urn:cts:greekLit:tlg0527.tlg035,824
urn:cts:greekLit:tlg0527.tlg036,576
urn:cts:greekLit:tlg0527.tlg037,495
urn:cts:greekLit:tlg0527.tlg038,429
urn:cts:greekLit:tlg0527.tlg039,768
urn:cts:greekLit:tlg0527.tlg040,455
urn:cts:greekLit:tlg0527.tlg041,395
urn:cts:greekLit:tlg0527.tlg042,383
urn:cts:greekLit:tlg0527.tlg043,395
urn:cts:greekLit:tlg0527.tlg044,508
urn:cts:greekLit:tlg0527.tlg045,583
urn:cts:greekLit:tlg0527.tlg046,600
urn:cts:greekLit:tlg0527.tlg047,454
urn:cts:greekLit:tlg0527.tlg048,817
urn:cts:greekLit:tlg0527.tlg049,1203
urn:cts:greekLit:tlg0527.tlg050,758
urn:cts:greekLit:tlg0527.tlg051,563
urn:cts:greekLit:tlg0527.tlg052,1262
urn:cts:greekLit:tlg0527.tlg053,1429
urn:cts:greekLit:tlg0527.tlg054,895
urn:cts:greekLit:tlg0527.tlg055,1142
urn:cts:greekLit:tlg0527.tlg056,2101
urn:cts:greekLit:tlg0527.tlg057,1867
urn:cts:greekLit:tlg0527.tlg058,903
urn:cts:greekLit:tlg0527.tlg059,765
urn:cts:greekLit:tlg0529.tlg002,20620
urn:cts:greekLit:tlg0530.tlg005,8071
urn:cts:greekLit:tlg0530.tlg006,9603
urn:cts:greekLit:tlg0530.tlg012,18844
urn:cts:greekLit:tlg0530.tlg029,13427
urn:cts:greekLit:tlg0530.tlg032,2150
urn:cts:greekLit:tlg0530.tlg043,17430
urn:cts:greekLit:tlg0533.tlg006,763
urn:cts:greekLit:tlg0533.tlg007,1167
urn:cts:greekLit:tlg0533.tlg009,398
urn:cts:greekLit:tlg0537.tlg010,4529
urn:cts:greekLit:tlg0537.tlg011,3023
urn:cts:greekLit:tlg0537.tlg012,1332
urn:cts:greekLit:tlg0537.tlg013,1398
urn:cts:greekLit:tlg0537.tlg014,1545
urn:cts:greekLit:tlg0540.tlg001,2408
urn:cts:greekLit:tlg0540.tlg002,4067
urn:cts:greekLit:tlg0540.tlg003,2183
urn:cts:greekLit:tlg0540.tlg004,950
urn:cts:greekLit:tlg0540.tlg005,278
urn:cts:greekLit:tlg0540.tlg006,2617
urn:cts:greekLit:tlg0540.tlg007,2029
urn:cts:greekLit:tlg0540.tlg008,1040
urn:cts:greekLit:tlg0540.tlg009,879
urn:cts:greekLit:tlg0540.tlg010,1491
urn:cts:greekLit:tlg0540.tlg011,549
urn:cts:greekLit:tlg0540.tlg012,4857
urn:cts:greekLit:tlg0540.tlg013,4864
urn:cts:greekLit:tlg0540.tlg014,2424
urn:cts:greekLit:tlg0540.tlg015,602
urn:cts:greekLit:tlg0540.tlg016,1147
urn:cts:greekLit:tlg0540.tlg017,585
urn:cts:greekLit:tlg0540.tlg018,1346
urn:cts:greekLit:tlg0540.tlg019,3115
urn:cts:greekLit:tlg0540.tlg020,1916
urn:cts:greekLit:tlg0540.tlg021,1296
urn:cts:greekLit:tlg0540.tlg022,1124
urn:cts:greekLit:tlg0540.tlg023,772
urn:cts:greekLit:tlg0540.tlg024,1434
urn:cts:greekLit:tlg0540.tlg025,2022
urn:cts:greekLit:tlg0540.tlg026,1386
urn:cts:greekLit:tlg0540.tlg027,749
urn:cts:greekLit:tlg0540.tlg028,911
urn:cts:greekLit:tlg0540.tlg029,664
urn:cts:greekLit:tlg0540.tlg030,1886
urn:cts:greekLit:tlg0540.tlg031,1822
urn:cts:greekLit:tlg0540.tlg032,1701
urn:cts:greekLit:tlg0540.tlg033,433
urn:cts:greekLit:tlg0540.tlg034,554
urn:cts:greekLit:tlg0541.tlg042,630
urn:cts:greekLit:tlg0542.tlg001,122
urn:cts:greekLit:tlg0543.tlg001,32087
urn:cts:greekLit:tlg0544.tlg001,19768
urn:cts:greekLit:tlg0544.tlg002,27575
urn:cts:greekLit:tlg0545.tlg004,13525
urn:cts:greekLit:tlg0548.tlg001,10425
urn:cts:greekLit:tlg0548.tlg002,1646
urn:cts:greekLit:tlg0550.tlg001,8705
urn:cts:greekLit:tlg0551.tlg002,856
urn:cts:greekLit:tlg0551.tlg003,1116
urn:cts:greekLit:tlg0551.tlg004,3447
urn:cts:greekLit:tlg0551.tlg005,2131
urn:cts:greekLit:tlg0551.tlg006,945
urn:cts:greekLit:tlg0551.tlg007,1831
urn:cts:greekLit:tlg0551.tlg008,1468
urn:cts:greekLit:tlg0551.tlg009,2267
urn:cts:greekLit:tlg0551.tlg010,381
urn:cts:greekLit:tlg0551.tlg011,3662
urn:cts:greekLit:tlg0551.tlg012,1423
urn:cts:greekLit:tlg0551.tlg013,2028
urn:cts:greekLit:tlg0551.tlg014,1895
urn:cts:greekLit:tlg0551.tlg017,28621
urn:cts:greekLit:tlg0552.tlg001,18285
urn:cts:greekLit:tlg0552.tlg002,1085
urn:cts:greekLit:tlg0552.tlg003,22764
urn:cts:greekLit:tlg0552.tlg004,14429
urn:cts:greekLit:tlg0552.tlg005,4906
urn:cts:greekLit:tlg0552.tlg006,5052
urn:cts:greekLit:tlg0552.tlg007,5793
urn:cts:greekLit:tlg0552.tlg008,8601
urn:cts:greekLit:tlg0552.tlg009,437
urn:cts:greekLit:tlg0552.tlg010,9804
urn:cts:greekLit:tlg0552.tlg011,3665
urn:cts:greekLit:tlg0552.tlg012,695
urn:cts:greekLit:tlg0552.tlg013,1083
urn:cts:greekLit:tlg0553.tlg001,20350
urn:cts:greekLit:tlg0554.tlg001,5437
urn:cts:greekLit:tlg0555.tlg001,23350
urn:cts:greekLit:tlg0555.tlg002,22382
urn:cts:greekLit:tlg0555.tlg004,21943
urn:cts:greekLit:tlg0555.tlg005,4989
urn:cts:greekLit:tlg0555.tlg006,9290
urn:cts:greekLit:tlg0555.tlg007,7529
urn:cts:greekLit:tlg0557.tlg001,20142
urn:cts:greekLit:tlg0557.tlg002,502
urn:cts:greekLit:tlg0557.tlg004,285
urn:cts:greekLit:tlg0557.tlg005,2004
urn:cts:greekLit:tlg0559.tlg001,14622
urn:cts:greekLit:tlg0559.tlg002,9098
urn:cts:greekLit:tlg0559.tlg004,2217
urn:cts:greekLit:tlg0559.tlg005,504
urn:cts:greekLit:tlg0559.tlg006,9426
urn:cts:greekLit:tlg0559.tlg007,12925
urn:cts:greekLit:tlg0559.tlg010,9361
urn:cts:greekLit:tlg0559.tlg011,623
urn:cts:greekLit:tlg0559.tlg012,5392
urn:cts:greekLit:tlg0559.tlg014,689
urn:cts:greekLit:tlg0559.tlg015,966
urn:cts:greekLit:tlg0559.tlg016,6558
urn:cts:greekLit:tlg0560.tlg001,1026
urn:cts:greekLit:tlg0561.tlg001,5128
urn:cts:greekLit:tlg0562.tlg001,2867
urn:cts:greekLit:tlg0563.tlg001,2634
urn:cts:greekLit:tlg0564.tlg001,1469
urn:cts:greekLit:tlg0565.tlg001,13615
urn:cts:greekLit:tlg0565.tlg002,1184
urn:cts:greekLit:tlg0565.tlg003,2961
urn:cts:greekLit:tlg0565.tlg004,706
urn:cts:greekLit:tlg0572.tlg001,776
urn:cts:greekLit:tlg0575.tlg001,303
urn:cts:greekLit:tlg0575.tlg002,368
urn:cts:greekLit:tlg0579.tlg010,2971
urn:cts:greekLit:tlg0580.tlg001,1213
urn:cts:greekLit:tlg0591.1st1K001,502
urn:cts:greekLit:tlg0591.1st1K002,924
urn:cts:greekLit:tlg0592.tlg001,3957
urn:cts:greekLit:tlg0592.tlg002,2669
urn:cts:greekLit:tlg0592.tlg003,7860
urn:cts:greekLit:tlg0592.tlg004,20715
urn:cts:greekLit:tlg0592.tlg005,6454
urn:cts:greekLit:tlg0593.1st1K001,1343
urn:cts:greekLit:tlg0593.1st1K002,2451
urn:cts:greekLit:tlg0606.tlg001,564
urn:cts:greekLit:tlg0607.tlg001,11499
urn:cts:greekLit:tlg0609.tlg001,2905
urn:cts:greekLit:tlg0610.perseus002,2174
urn:cts:greekLit:tlg0610.tlg001,2174
urn:cts:greekLit:tlg0614.tlg001,21947
urn:cts:greekLit:tlg0615.tlg001,69888
urn:cts:greekLit:tlg0616.tlg001,10544
urn:cts:greekLit:tlg0616.tlg002,16385
urn:cts:greekLit:tlg0618.tlg001,99
urn:cts:greekLit:tlg0620.tlg002,1405
urn:cts:greekLit:tlg0623.tlg001,381
urn:cts:greekLit:tlg0626.tlg002,3591
urn:cts:greekLit:tlg0627.tlg001,5551
urn:cts:greekLit:tlg0627.tlg002,7479
urn:cts:greekLit:tlg0627.tlg003,5245
urn:cts:greekLit:tlg0627.tlg004,6153
urn:cts:greekLit:tlg0627.tlg005,5372
urn:cts:greekLit:tlg0627.tlg006,5441
urn:cts:greekLit:tlg0627.tlg007,5020
urn:cts:greekLit:tlg0627.tlg008,2170
urn:cts:greekLit:tlg0627.tlg009,11291
urn:cts:greekLit:tlg0627.tlg010,21425
urn:cts:greekLit:tlg0627.tlg011,4997
urn:cts:greekLit:tlg0627.tlg012,1389
urn:cts:greekLit:tlg0627.tlg013,250
urn:cts:greekLit:tlg0627.tlg014,330
urn:cts:greekLit:tlg0627.tlg015,2271
urn:cts:greekLit:tlg0627.tlg016,7609
urn:cts:greekLit:tlg0627.tlg017,12767
urn:cts:greekLit:tlg0627.tlg018,2713
urn:cts:greekLit:tlg0627.tlg019,3914
urn:cts:greekLit:tlg0627.tlg020,1466
urn:cts:greekLit:tlg0627.tlg021,2856
urn:cts:greekLit:tlg0627.tlg022,1484
urn:cts:greekLit:tlg0627.tlg023,35303
urn:cts:greekLit:tlg0627.tlg024a,1958
urn:cts:greekLit:tlg0627.tlg024b,7318
urn:cts:greekLit:tlg0627.tlg025,7471
urn:cts:greekLit:tlg0627.tlg026,8520
urn:cts:greekLit:tlg0627.tlg027,4736
urn:cts:greekLit:tlg0627.tlg028,3311
urn:cts:greekLit:tlg0627.tlg029,907
urn:cts:greekLit:tlg0627.tlg030,1558
urn:cts:greekLit:tlg0627.tlg031,6464
urn:cts:greekLit:tlg0627.tlg032,16169
urn:cts:greekLit:tlg0627.tlg033,11936
urn:cts:greekLit:tlg0627.tlg035,786
urn:cts:greekLit:tlg0627.tlg036,23892
urn:cts:greekLit:tlg0627.tlg037,454
urn:cts:greekLit:tlg0627.tlg038,3446
urn:cts:greekLit:tlg0627.tlg039,480
urn:cts:greekLit:tlg0627.tlg040,246
urn:cts:greekLit:tlg0627.tlg041,414
urn:cts:greekLit:tlg0627.tlg042,1785
urn:cts:greekLit:tlg0627.tlg043,3401
urn:cts:greekLit:tlg0627.tlg045,1033
urn:cts:greekLit:tlg0627.tlg046,1369
urn:cts:greekLit:tlg0627.tlg047,794
urn:cts:greekLit:tlg0627.tlg048,3344
urn:cts:greekLit:tlg0627.tlg049,1528
urn:cts:greekLit:tlg0627.tlg050,1519
urn:cts:greekLit:tlg0627.tlg051,1358
urn:cts:greekLit:tlg0627.tlg052,2036
urn:cts:greekLit:tlg0627.tlg053,1296
urn:cts:greekLit:tlg0627.tlg055,11815
urn:cts:greekLit:tlg0628.tlg001,15510
urn:cts:greekLit:tlg0628.tlg002,1520
urn:cts:greekLit:tlg0628.tlg003,1236
urn:cts:greekLit:tlg0629.tlg001,107
urn:cts:greekLit:tlg0632.tlg002,210
urn:cts:greekLit:tlg0633.tlg001,516
urn:cts:greekLit:tlg0634.tlg001,4671
urn:cts:greekLit:tlg0636.tlg001,1088
urn:cts:greekLit:tlg0637.tlg001,1216
urn:cts:greekLit:tlg0638.tlg007,7671
urn:cts:greekLit:tlg0639.tlg001,57
urn:cts:greekLit:tlg0640.tlg001,7008
urn:cts:greekLit:tlg0641.tlg001,4778
urn:cts:greekLit:tlg0643.opp001,4085
urn:cts:greekLit:tlg0643.opp002,280
urn:cts:greekLit:tlg0643.opp003,435
urn:cts:greekLit:tlg0643.tlg001,578
urn:cts:greekLit:tlg0643.tlg002,230
urn:cts:greekLit:tlg0644.tlg001,31766
urn:cts:greekLit:tlg0645.tlg001,14440
urn:cts:greekLit:tlg0645.tlg002,3293
urn:cts:greekLit:tlg0645.tlg003,1702
urn:cts:greekLit:tlg0646.tlg004,355
urn:cts:greekLit:tlg0647.tlg001,4230
urn:cts:greekLit:tlg0649.tlg002,1298
urn:cts:greekLit:tlg0649.tlg003,836
urn:cts:greekLit:tlg0656.tlg001,19845
urn:cts:greekLit:tlg0656.tlg002,16944
urn:cts:greekLit:tlg0657.tlg001,612
urn:cts:greekLit:tlg0658.tlg001,9653
urn:cts:greekLit:tlg0666.tlg001,260
urn:cts:greekLit:tlg0671.tlg001,714
urn:cts:greekLit:tlg0676.tlg001,182
urn:cts:greekLit:tlg0693.tlg001,13160
urn:cts:greekLit:tlg0693.tlg002,1378
urn:cts:greekLit:tlg0708.tlg001,2872
urn:cts:greekLit:tlg0719.tlg002,9236
urn:cts:greekLit:tlg0731.tlg001,4864
urn:cts:greekLit:tlg0731.tlg003,2226
urn:cts:greekLit:tlg0732.tlg001,10015
urn:cts:greekLit:tlg0732.tlg003,1036
urn:cts:greekLit:tlg0732.tlg005,158615
urn:cts:greekLit:tlg0732.tlg010,30910
urn:cts:greekLit:tlg0732.tlg011,4115
urn:cts:greekLit:tlg0732.tlg012,14545
urn:cts:greekLit:tlg0732.tlg013,17780
urn:cts:greekLit:tlg0732.tlg014,16317
urn:cts:greekLit:tlg0732.tlgX01,71935
urn:cts:greekLit:tlg0733.tlg001,6915
urn:cts:greekLit:tlg0751.tlg005,1649
urn:cts:greekLit:tlg0751.tlg034,1681
urn:cts:greekLit:tlg1118.tlg003,1090
urn:cts:greekLit:tlg1126.tlg003,83
urn:cts:greekLit:tlg1129.tlg001,1350
urn:cts:greekLit:tlg1131.tlg001,521
urn:cts:greekLit:tlg1134.tlg001,671
urn:cts:greekLit:tlg1146.tlg001,4680
urn:cts:greekLit:tlg1147.tlg003,4357
urn:cts:greekLit:tlg1181.tlg001,7012
urn:cts:greekLit:tlg1188.tlg002,5734
urn:cts:greekLit:tlg1193.tlg001,5080
urn:cts:greekLit:tlg1194.tlg001,3292
urn:cts:greekLit:tlg1205.tlg001,11311
urn:cts:greekLit:tlg1205.tlg002,8816
urn:cts:greekLit:tlg1210.tlg001,4010
urn:cts:greekLit:tlg1210.tlg002,5453
urn:cts:greekLit:tlg1216.tlg001,594
urn:cts:greekLit:tlg1220.tlg001,2148
urn:cts:greekLit:tlg1247.tlg001,206
urn:cts:greekLit:tlg1252.tlg002,2476
urn:cts:greekLit:tlg1264.tlg001,134790
urn:cts:greekLit:tlg1264.tlg002,72139
urn:cts:greekLit:tlg1264.tlg003,322
urn:cts:greekLit:tlg1264.tlg004,4784
urn:cts:greekLit:tlg1269.tlg002,10547
urn:cts:greekLit:tlg1271.tlg001,397
urn:cts:greekLit:tlg1271.tlg002,265
urn:cts:greekLit:tlg1271.tlg003,490
urn:cts:greekLit:tlg1271.tlg004,661
urn:cts:greekLit:tlg1271.tlg005,2520
urn:cts:greekLit:tlg1271.tlg006,7681
urn:cts:greekLit:tlg1271.tlg010,1595
urn:cts:greekLit:tlg1271.tlg011,25241
urn:cts:greekLit:tlg1271.tlg012,25961
urn:cts:greekLit:tlg1272.tlg001,12384
urn:cts:greekLit:tlg1286.tlg001,2443
urn:cts:greekLit:tlg1286.tlg002,1329
urn:cts:greekLit:tlg1286.tlg003,394
urn:cts:greekLit:tlg1286.tlg004,989
urn:cts:greekLit:tlg1286.tlg005,1165
urn:cts:greekLit:tlg1286.tlg006,794
urn:cts:greekLit:tlg1286.tlg007,244
urn:cts:greekLit:tlg1286.tlg008,480
urn:cts:greekLit:tlg1286.tlg009,1031
urn:cts:greekLit:tlg1286.tlg010,2548
urn:cts:greekLit:tlg1286.tlg011,2445
urn:cts:greekLit:tlg1286.tlg012,2104
urn:cts:greekLit:tlg1286.tlg013,2045
urn:cts:greekLit:tlg1286.tlg014,848
urn:cts:greekLit:tlg1286.tlg016,1361
urn:cts:greekLit:tlg1286.tlg017,127
urn:cts:greekLit:tlg1286.tlg018,1413
urn:cts:greekLit:tlg1286.tlg019,9817
urn:cts:greekLit:tlg1286.tlg020,5182
urn:cts:greekLit:tlg1287.tlg001,1584
urn:cts:greekLit:tlg1304.tlg002,15629
urn:cts:greekLit:tlg1309.tlg001,834
urn:cts:greekLit:tlg1311.tlg001,244
urn:cts:greekLit:tlg1319.tlg002,1355
urn:cts:greekLit:tlg1320.tlg001,11619
urn:cts:greekLit:tlg1325.tlg001,700
urn:cts:greekLit:tlg1329.tlg001,605
urn:cts:greekLit:tlg1337.tlg003,688
urn:cts:greekLit:tlg1347.tlg004,1429
urn:cts:greekLit:tlg1367.tlg001,747
urn:cts:greekLit:tlg1383.tlg001,2580
urn:cts:greekLit:tlg1389.tlg001,7407
urn:cts:greekLit:tlg1390.tlg004,1917
urn:cts:greekLit:tlg1402.tlg001,1428
urn:cts:greekLit:tlg1402.tlg002,591
urn:cts:greekLit:tlg1402.tlg003,393
urn:cts:greekLit:tlg1402.tlg004,571
urn:cts:greekLit:tlg1402.tlg005,297
urn:cts:greekLit:tlg1409.opp003,442
urn:cts:greekLit:tlg1414.tlg001,14401
urn:cts:greekLit:tlg1416.tlg007,770
urn:cts:greekLit:tlg1419.tlg001,7856
urn:cts:greekLit:tlg1431.tlg003,11392
urn:cts:greekLit:tlg1434.tlg004,830
urn:cts:greekLit:tlg1441.tlg001,1185
urn:cts:greekLit:tlg1443.tlg001,1773
urn:cts:greekLit:tlg1443.tlg002,2888
urn:cts:greekLit:tlg1447.tlg001,8197
urn:cts:greekLit:tlg1447.tlg009,366
urn:cts:greekLit:tlg1463.tlg001,1353
urn:cts:greekLit:tlg1482.tlg001,12335
urn:cts:greekLit:tlg1484.tlg001,213
urn:cts:greekLit:tlg1486.tlg001,851
urn:cts:greekLit:tlg1486.tlg002,43
urn:cts:greekLit:tlg1487.tlg001,4051
urn:cts:greekLit:tlg1487.tlg002,2297
urn:cts:greekLit:tlg1542.tlg001,6923
urn:cts:greekLit:tlg1548.tlg001,8488
urn:cts:greekLit:tlg1551.tlg001,28110
urn:cts:greekLit:tlg1551.tlg002,648
urn:cts:greekLit:tlg1553.tlg001,7527
urn:cts:greekLit:tlg1562.tlg002,3301
urn:cts:greekLit:tlg1595.tlg221,7004
urn:cts:greekLit:tlg1595.tlg370,8859
urn:cts:greekLit:tlg1596.tlg002,2366
urn:cts:greekLit:tlg1600.tlg001,11987
urn:cts:greekLit:tlg1602.tlg001,479
urn:cts:greekLit:tlg1617.tlg001,3727
urn:cts:greekLit:tlg1622.tlg001,160
urn:cts:greekLit:tlg1626.tlg001,314
urn:cts:greekLit:tlg1634.tlg002,1897
urn:cts:greekLit:tlg1665.tlg001,1299
urn:cts:greekLit:tlg1669.tlg004,1941
urn:cts:greekLit:tlg1681.tlg001,443
urn:cts:greekLit:tlg1692.tlg005,5483
urn:cts:greekLit:tlg1699.tlg001,329
urn:cts:greekLit:tlg1699.tlg002,1486
urn:cts:greekLit:tlg1699.tlg003,1280
urn:cts:greekLit:tlg1699.tlg004,1198
urn:cts:greekLit:tlg1699.tlg005,447
urn:cts:greekLit:tlg1699.tlg006,221
urn:cts:greekLit:tlg1699.tlg007,212
urn:cts:greekLit:tlg1699.tlg008,968
urn:cts:greekLit:tlg1701.tlg001,6973
urn:cts:greekLit:tlg1701.tlg002,3231
urn:cts:greekLit:tlg1705.tlg001,197
urn:cts:greekLit:tlg1719.tlg001,11362
urn:cts:greekLit:tlg1724.tlg001,38678
urn:cts:greekLit:tlg1725.tlg001,11556
urn:cts:greekLit:tlg1749.tlg001,432
urn:cts:greekLit:tlg1750.tlg001,5412
urn:cts:greekLit:tlg1750.tlg002,4110
urn:cts:greekLit:tlg1750.tlg003,1166
urn:cts:greekLit:tlg1750.tlg004,3616
urn:cts:greekLit:tlg1763.tlg001,2038
urn:cts:greekLit:tlg1764.tlg001,21155
urn:cts:greekLit:tlg1765.tlg003,11656
urn:cts:greekLit:tlg1765.tlg004,305
urn:cts:greekLit:tlg1765.tlg005,157
urn:cts:greekLit:tlg1766.tlg001,10227
urn:cts:greekLit:tlg1799.tlg001,40134
urn:cts:greekLit:tlg1799.tlg007,19707
urn:cts:greekLit:tlg1799.tlg008,546
urn:cts:greekLit:tlg1799.tlg009,11137
urn:cts:greekLit:tlg1799.tlg010,10178
urn:cts:greekLit:tlg1799.tlg011,5293
urn:cts:greekLit:tlg1799.tlg012,8095
urn:cts:greekLit:tlg1799.tlg013,676
urn:cts:greekLit:tlg1799.tlg014,2405
urn:cts:greekLit:tlg1799.tlg015,2543
urn:cts:greekLit:tlg1799.tlg016,6949
urn:cts:greekLit:tlg1799.tlg017,226
urn:cts:greekLit:tlg1801.tlg001,260
urn:cts:greekLit:tlg1802.tlg001,825
urn:cts:greekLit:tlg1803.tlg001,3803
urn:cts:greekLit:tlg1805.tlg001,4394
urn:cts:greekLit:tlg1805.tlg002,753
urn:cts:greekLit:tlg1805.tlg003,571
urn:cts:greekLit:tlg1805.tlg004,182
urn:cts:greekLit:tlg1805.tlg005,398
urn:cts:greekLit:tlg1805.tlg006,561
urn:cts:greekLit:tlg1805.tlg007,132
urn:cts:greekLit:tlg1805.tlg008,282
urn:cts:greekLit:tlg1805.tlg009,97
urn:cts:greekLit:tlg1805.tlg010,1696
urn:cts:greekLit:tlg2000.tlg001,69633
urn:cts:greekLit:tlg2001.tlg038,32075
urn:cts:greekLit:tlg2001.tlg039,82636
urn:cts:greekLit:tlg2001.tlg041,15008
urn:cts:greekLit:tlg2001.tlg043,31226
urn:cts:greekLit:tlg2001.tlg044,14302
urn:cts:greekLit:tlg2016.tlg001,3991
urn:cts:greekLit:tlg2018.tlg001,20230
urn:cts:greekLit:tlg2018.tlg002,101649
urn:cts:greekLit:tlg2018.tlg003,1757
urn:cts:greekLit:tlg2018.tlg005,16818
urn:cts:greekLit:tlg2018.tlg007,9411
urn:cts:greekLit:tlg2018.tlg008,185
urn:cts:greekLit:tlg2018.tlg009,15569
urn:cts:greekLit:tlg2018.tlg010,8480
urn:cts:greekLit:tlg2018.tlg011,18058
urn:cts:greekLit:tlg2018.tlg020,10876
urn:cts:greekLit:tlg2018.tlg021,1556
urn:cts:greekLit:tlg2018.tlg022,1831
urn:cts:greekLit:tlg2018.tlg023,16198
urn:cts:greekLit:tlg2022.tlg060,144
urn:cts:greekLit:tlg2023.tlg001,2721
urn:cts:greekLit:tlg2023.tlg002,4321
urn:cts:greekLit:tlg2023.tlg003,20018
urn:cts:greekLit:tlg2023.tlg004,26603
urn:cts:greekLit:tlg2023.tlg006,11432
urn:cts:greekLit:tlg2027.tlg001,5472
urn:cts:greekLit:tlg2027.tlg002,1823
urn:cts:greekLit:tlg2029.tlg001,894
urn:cts:greekLit:tlg2032.tlg001,19916
urn:cts:greekLit:tlg2034.tlg002,6099
urn:cts:greekLit:tlg2034.tlg003,9969
urn:cts:greekLit:tlg2034.tlg005,4804
urn:cts:greekLit:tlg2034.tlg006,5767
urn:cts:greekLit:tlg2034.tlg014,8667
urn:cts:greekLit:tlg2034.tlg015,11081
urn:cts:greekLit:tlg2034.tlg027,814
urn:cts:greekLit:tlg2035.tlg002,558
urn:cts:greekLit:tlg2035.tlg003,1069
urn:cts:greekLit:tlg2035.tlg117,10954
urn:cts:greekLit:tlg2035.tlg130,23457
urn:cts:greekLit:tlg2035.tlg131,29759
urn:cts:greekLit:tlg2035.tlg132,24094
urn:cts:greekLit:tlg2036.tlg001,23614
urn:cts:greekLit:tlg2038.tlg001,28954
urn:cts:greekLit:tlg2039.tlg003,91
urn:cts:greekLit:tlg2039.tlg004,2405
urn:cts:greekLit:tlg2039.tlg005,3196
urn:cts:greekLit:tlg2041.tlg001,11329
urn:cts:greekLit:tlg2042.tlg001,26702
urn:cts:greekLit:tlg2042.tlg005,23071
urn:cts:greekLit:tlg2042.tlg006,23090
urn:cts:greekLit:tlg2042.tlg007,12332
urn:cts:greekLit:tlg2042.tlg008,3155
urn:cts:greekLit:tlg2042.tlg009,5314
urn:cts:greekLit:tlg2042.tlg010,8474
urn:cts:greekLit:tlg2042.tlg011,10650
urn:cts:greekLit:tlg2042.tlg012,171
urn:cts:greekLit:tlg2042.tlg013,3606
urn:cts:greekLit:tlg2042.tlg014,1989
urn:cts:greekLit:tlg2042.tlg015,90
urn:cts:greekLit:tlg2042.tlg016,51831
urn:cts:greekLit:tlg2042.tlg017,14915
urn:cts:greekLit:tlg2042.tlg019,62681
urn:cts:greekLit:tlg2042.tlg021,5679
urn:cts:greekLit:tlg2042.tlg028,85625
urn:cts:greekLit:tlg2042.tlg029,11431
urn:cts:greekLit:tlg2042.tlg030,18523
urn:cts:greekLit:tlg2042.tlg045,4774
urn:cts:greekLit:tlg2042.tlg048,9738
urn:cts:greekLit:tlg2042.tlg050,3251
urn:cts:greekLit:tlg2042.tlg051,1500
urn:cts:greekLit:tlg2042.tlg052,1718
urn:cts:greekLit:tlg2042.tlg053,2445
urn:cts:greekLit:tlg2042.tlg054,943
urn:cts:greekLit:tlg2042.tlg055,267
urn:cts:greekLit:tlg2042.tlg057,3097
urn:cts:greekLit:tlg2042.tlg058,8295
urn:cts:greekLit:tlg2042.tlg061,216
urn:cts:greekLit:tlg2042.tlg066,381
urn:cts:greekLit:tlg2042.tlg067,118
urn:cts:greekLit:tlg2042.tlg068,124
urn:cts:greekLit:tlg2042.tlg069,79
urn:cts:greekLit:tlg2042.tlg070,486
urn:cts:greekLit:tlg2042.tlg071,94
urn:cts:greekLit:tlg2042.tlg072,112
urn:cts:greekLit:tlg2042.tlg073,1407
urn:cts:greekLit:tlg2042.tlg074,3501
urn:cts:greekLit:tlg2042.tlg075,1359
urn:cts:greekLit:tlg2042.tlg076,1687
urn:cts:greekLit:tlg2042.tlg077,916
urn:cts:greekLit:tlg2042.tlg078,8120
urn:cts:greekLit:tlg2042.tlg079,20834
urn:cts:greekLit:tlg2042.tlg084,402
urn:cts:greekLit:tlg2045.tlg001,5861
urn:cts:greekLit:tlg2046.tlg001,5595
urn:cts:greekLit:tlg2048.tlg001,18248
urn:cts:greekLit:tlg2049.tlg001,5228
urn:cts:greekLit:tlg2050.tlg001,865
urn:cts:greekLit:tlg2057.tlg002,23702
urn:cts:greekLit:tlg2058.tlg001,6852
urn:cts:greekLit:tlg2115.tlg060,14380
urn:cts:greekLit:tlg2135.tlg001,2064
urn:cts:greekLit:tlg2136.tlg001,3458
urn:cts:greekLit:tlg2137.tlg001,4941
urn:cts:greekLit:tlg2138.tlg001,105
urn:cts:greekLit:tlg2139.tlg001,69
urn:cts:greekLit:tlg2140.tlg001,1073
urn:cts:greekLit:tlg2178.tlg001,1717
urn:cts:greekLit:tlg2178.tlg002,672
urn:cts:greekLit:tlg2178.tlg004,1476
urn:cts:greekLit:tlg2189.tlg003,171
urn:cts:greekLit:tlg2200.tlg001,878
urn:cts:greekLit:tlg2200.tlg00401,22447
urn:cts:greekLit:tlg2200.tlg00402,3973
urn:cts:greekLit:tlg2200.tlg00403,1969
urn:cts:greekLit:tlg2200.tlg00404,2367
urn:cts:greekLit:tlg2200.tlg00405,2815
urn:cts:greekLit:tlg2200.tlg00406,999
urn:cts:greekLit:tlg2200.tlg00407,539
urn:cts:greekLit:tlg2200.tlg00408,746
urn:cts:greekLit:tlg2200.tlg00409,932
urn:cts:greekLit:tlg2200.tlg00410,2192
urn:cts:greekLit:tlg2200.tlg00411,15386
urn:cts:greekLit:tlg2200.tlg00426,2775
urn:cts:greekLit:tlg2200.tlg00427,3613
urn:cts:greekLit:tlg2200.tlg00428,2187
urn:cts:greekLit:tlg2200.tlg00429,3017
urn:cts:greekLit:tlg2200.tlg00430,5079
urn:cts:greekLit:tlg2200.tlg00431,3777
urn:cts:greekLit:tlg2200.tlg00432,2466
urn:cts:greekLit:tlg2200.tlg00433,3880
urn:cts:greekLit:tlg2200.tlg00434,2521
urn:cts:greekLit:tlg2200.tlg00435,2595
urn:cts:greekLit:tlg2200.tlg00436,1421
urn:cts:greekLit:tlg2200.tlg00437,1805
urn:cts:greekLit:tlg2200.tlg00438,2023
urn:cts:greekLit:tlg2200.tlg00439,2023
urn:cts:greekLit:tlg2200.tlg00440,2457
urn:cts:greekLit:tlg2200.tlg00441,1745
urn:cts:greekLit:tlg2200.tlg00442,4713
urn:cts:greekLit:tlg2200.tlg00443,2094
urn:cts:greekLit:tlg2200.tlg00444,393
urn:cts:greekLit:tlg2200.tlg00445,3151
urn:cts:greekLit:tlg2200.tlg00446,3878
urn:cts:greekLit:tlg2200.tlg00447,3399
urn:cts:greekLit:tlg2200.tlg00448,3603
urn:cts:greekLit:tlg2200.tlg00449,3007
urn:cts:greekLit:tlg2200.tlg00450,2855
urn:cts:greekLit:tlg2200.tlg00451,2836
urn:cts:greekLit:tlg2200.tlg00452,4557
urn:cts:greekLit:tlg2200.tlg00453,2658
urn:cts:greekLit:tlg2200.tlg00454,5963
urn:cts:greekLit:tlg2200.tlg00455,2943
urn:cts:greekLit:tlg2200.tlg00456,2269
urn:cts:greekLit:tlg2200.tlg00457,4265
urn:cts:greekLit:tlg2200.tlg00458,3152
urn:cts:greekLit:tlg2200.tlg00459,13480
urn:cts:greekLit:tlg2200.tlg00460,930
urn:cts:greekLit:tlg2200.tlg00461,1627
urn:cts:greekLit:tlg2200.tlg00462,5364
urn:cts:greekLit:tlg2200.tlg00463,3369
urn:cts:greekLit:tlg2200.tlg00464,10547
urn:cts:greekLit:tlg2200.tlg00501,15001
urn:cts:greekLit:tlg2200.tlg00502,3070
urn:cts:greekLit:tlg2200.tlg00503,2334
urn:cts:greekLit:tlg2200.tlg00504,7169
urn:cts:greekLit:tlg2200.tlg00505,7926
urn:cts:greekLit:tlg2200.tlg00506,5140
urn:cts:greekLit:tlg2200.tlg00507,1911
urn:cts:greekLit:tlg2200.tlg00508,2523
urn:cts:greekLit:tlg2200.tlg00509,3974
urn:cts:greekLit:tlg2200.tlg00510,3756
urn:cts:greekLit:tlg2200.tlg00511,2793
urn:cts:greekLit:tlg2200.tlg00512,4203
urn:cts:greekLit:tlg2200.tlg00513,5725
urn:cts:greekLit:tlg2200.tlg00514,3067
urn:cts:greekLit:tlg2200.tlg00515,5379
urn:cts:greekLit:tlg2200.tlg00516,6681
urn:cts:greekLit:tlg2200.tlg00517,6577
urn:cts:greekLit:tlg2200.tlg00518,2631
urn:cts:greekLit:tlg2200.tlg00519,3520
urn:cts:greekLit:tlg2200.tlg00520,2701
urn:cts:greekLit:tlg2200.tlg00521,3034
urn:cts:greekLit:tlg2200.tlg00522,3258
urn:cts:greekLit:tlg2200.tlg00523,8123
urn:cts:greekLit:tlg2200.tlg00524,2186
urn:cts:greekLit:tlg2200.tlg00525,3527
urn:cts:greekLit:tlg2200.tlg00526,3838
urn:cts:greekLit:tlg2200.tlg00527,2070
urn:cts:greekLit:tlg2200.tlg00528,1775
urn:cts:greekLit:tlg2200.tlg00529,2351
urn:cts:greekLit:tlg2200.tlg00530,5226
urn:cts:greekLit:tlg2200.tlg00531,4178
urn:cts:greekLit:tlg2200.tlg00532,4333
urn:cts:greekLit:tlg2200.tlg00533,3970
urn:cts:greekLit:tlg2200.tlg00534,8388
urn:cts:greekLit:tlg2200.tlg00535,2844
urn:cts:greekLit:tlg2200.tlg00536,3814
urn:cts:greekLit:tlg2200.tlg00537,2995
urn:cts:greekLit:tlg2200.tlg00538,3727
urn:cts:greekLit:tlg2200.tlg00539,3288
urn:cts:greekLit:tlg2200.tlg00540,6918
urn:cts:greekLit:tlg2200.tlg00541,3913
urn:cts:greekLit:tlg2200.tlg00542,4509
urn:cts:greekLit:tlg2200.tlg00543,5710
urn:cts:greekLit:tlg2200.tlg00544,5655
urn:cts:greekLit:tlg2200.tlg00545,2013
urn:cts:greekLit:tlg2200.tlg00546,3227
urn:cts:greekLit:tlg2200.tlg00547,4338
urn:cts:greekLit:tlg2200.tlg00548,5229
urn:cts:greekLit:tlg2200.tlg00549,6234
urn:cts:greekLit:tlg2200.tlg00550,3667
urn:cts:greekLit:tlg2200.tlg00551,1110
urn:cts:greekLit:tlg2200.tlg008,2452
urn:cts:greekLit:tlg2233.tlg001,4455
urn:cts:greekLit:tlg2233.tlg002,581
urn:cts:greekLit:tlg2583.tlg001,5066
urn:cts:greekLit:tlg2586.tlg001,3830
urn:cts:greekLit:tlg2586.tlg002,2697
urn:cts:greekLit:tlg2601.tlg001,4772
urn:cts:greekLit:tlg2632.tlg001,2343
urn:cts:greekLit:tlg2640.tlg001,3142
urn:cts:greekLit:tlg2655.tlg002,1774
urn:cts:greekLit:tlg2691.tlg002,1236
urn:cts:greekLit:tlg2703.tlg001,14086
urn:cts:greekLit:tlg2733.tlg001,13109
urn:cts:greekLit:tlg2768.tlg001,27768
urn:cts:greekLit:tlg2806.tlg001,16206
urn:cts:greekLit:tlg2948.tlg001,16309
urn:cts:greekLit:tlg2949.tlg001,2152
urn:cts:greekLit:tlg2959.tlg001,6147
urn:cts:greekLit:tlg2959.tlg002,996
urn:cts:greekLit:tlg2959.tlg005,318
urn:cts:greekLit:tlg2959.tlg006,551
urn:cts:greekLit:tlg2959.tlg007,1592
urn:cts:greekLit:tlg2959.tlg008,57
urn:cts:greekLit:tlg2959.tlg010,145
urn:cts:greekLit:tlg2970.tlg001,391
urn:cts:greekLit:tlg2972.tlg001,611
urn:cts:greekLit:tlg3118.tlg001,23901
urn:cts:greekLit:tlg3118.tlg002,11803
urn:cts:greekLit:tlg3129.ogl001,1226
urn:cts:greekLit:tlg3135.tlg001,26578
urn:cts:greekLit:tlg3135.tlg011,2698
urn:cts:greekLit:tlg3135.tlg012,990
urn:cts:greekLit:tlg3156.tlg001,11274
urn:cts:greekLit:tlg4003.tlg001,5981
urn:cts:greekLit:tlg4003.tlg002,2320
urn:cts:greekLit:tlg4003.tlg003,331
urn:cts:greekLit:tlg4013.tlg003,168396
urn:cts:greekLit:tlg4015.tlg005,52928
urn:cts:greekLit:tlg4016.tlg001,33681
urn:cts:greekLit:tlg4016.tlg002,28141
urn:cts:greekLit:tlg4016.tlg004,33872
urn:cts:greekLit:tlg4016.tlg005,19714
urn:cts:greekLit:tlg4019.tlg001,9875
urn:cts:greekLit:tlg4020.tlg001,34414
urn:cts:greekLit:tlg4024.tlg001,13440
urn:cts:greekLit:tlg4024.tlg002,6852
urn:cts:greekLit:tlg4026.tlg001,39440
urn:cts:greekLit:tlg4026.tlg002,2112
urn:cts:greekLit:tlg4026.tlg003,981
urn:cts:greekLit:tlg4027.tlg001,31836
urn:cts:greekLit:tlg4030.tlg001,30185
urn:cts:greekLit:tlg4033.tlg003,97977
urn:cts:greekLit:tlg4034.tlg002,50826
urn:cts:greekLit:tlg4034.tlg003,40516
urn:cts:greekLit:tlg4034.tlg004,9849
urn:cts:greekLit:tlg4034.tlg005,13707
urn:cts:greekLit:tlg4036.tlg001,176004
urn:cts:greekLit:tlg4036.tlg023,592
urn:cts:greekLit:tlg4037.tlg001,1439
urn:cts:greekLit:tlg4072.tlg001,29937
urn:cts:greekLit:tlg4072.tlg002,3475
urn:cts:greekLit:tlg4072.tlg003,5677
urn:cts:greekLit:tlg4075.tlg002,2629
urn:cts:greekLit:tlg4081.tlg001,2329
urn:cts:greekLit:tlg4084.tlg001,14068
urn:cts:greekLit:tlg4086.tlg001,15
urn:cts:greekLit:tlg4086.tlg002,871
urn:cts:greekLit:tlg4089.tlg003,18136
urn:cts:greekLit:tlg4089.tlg004,44542
urn:cts:greekLit:tlg4090.tlg001,68685
urn:cts:greekLit:tlg4102.tlg001,78022
urn:cts:greekLit:tlg4102.tlg002,53277
urn:cts:greekLit:tlg4102.tlg003,13135
urn:cts:greekLit:tlg4102.tlg004,50461
urn:cts:greekLit:tlg4102.tlg005,74738
urn:cts:greekLit:tlg4102.tlg006,3771
urn:cts:greekLit:tlg4102.tlg007,4858
urn:cts:greekLit:tlg4102.tlg008,119081
urn:cts:greekLit:tlg4102.tlg010,49545
urn:cts:greekLit:tlg4102.tlg011,29874
urn:cts:greekLit:tlg4102.tlg012,106515
urn:cts:greekLit:tlg4102.tlg013,34361
urn:cts:greekLit:tlg4102.tlg019,27954
urn:cts:greekLit:tlg4102.tlg020,39735
urn:cts:greekLit:tlg4102.tlg021,19083
urn:cts:greekLit:tlg4102.tlg022,14126
urn:cts:greekLit:tlg4102.tlg023,9927
urn:cts:greekLit:tlg4102.tlg024,9656
urn:cts:greekLit:tlg4102.tlg034,14161
urn:cts:greekLit:tlg4102.tlg035,7930
urn:cts:greekLit:tlg4102.tlg036,4618
urn:cts:greekLit:tlg4102.tlg037,2208
urn:cts:greekLit:tlg4102.tlg038,155207
urn:cts:greekLit:tlg4102.tlg040,10972
urn:cts:greekLit:tlg4102.tlg041,11664
urn:cts:greekLit:tlg4102.tlg042,5328
urn:cts:greekLit:tlg4102.tlg043,11857
urn:cts:greekLit:tlg4102.tlg044,659
urn:cts:greekLit:tlg4102.tlg045,920
urn:cts:greekLit:tlg4102.tlg046,2738
urn:cts:greekLit:tlg4102.tlgX01,769
urn:cts:greekLit:tlg4102.tlgX02,89419
urn:cts:greekLit:tlg4102.tlgX03,1791
urn:cts:greekLit:tlg4170.tlg001a,543
urn:cts:greekLit:tlg4170.tlg001b,540
urn:cts:greekLit:tlg4170.tlg001c,205
urn:cts:greekLit:tlg4170.tlg001d,188
urn:cts:greekLit:tlg4174.tlg001,13254
urn:cts:greekLit:tlg4193.tlg012,29407
urn:cts:greekLit:tlg5019.tlg001,16802
urn:cts:greekLit:tlg5019.tlg002,2354
urn:cts:greekLit:tlg5022.tlg002,10357
urn:cts:greekLit:tlg5022.tlg003,3816
urn:cts:greekLit:tlg5022.tlg004,6416
urn:cts:greekLit:tlg5022.tlg005,3126
urn:cts:greekLit:tlg5022.tlg006,1107
urn:cts:greekLit:tlg5022.tlg007,566
urn:cts:greekLit:tlg5023.tlg001,35662
urn:cts:greekLit:tlg5023.tlg010,1548
urn:cts:greekLit:tlg5023.tlg011,3490
urn:cts:greekLit:tlg5023.tlg012,6180
urn:cts:greekLit:tlg5023.tlg013,26805
urn:cts:greekLit:tlg5023.tlg014,85375
urn:cts:greekLit:tlg5023.tlg015,76517
urn:cts:greekLit:tlg5023.tlg016,77173
urn:cts:greekLit:tlg5026.tlg001,154774
urn:cts:greekLit:tlg5026.tlg007,99056
urn:cts:greekLit:tlg5029.tlg001,5869
urn:cts:greekLit:tlg5031.tlg001,21021
urn:cts:greekLit:tlg5031.tlg002,13118
urn:cts:greekLit:tlg5034.tlg001a,9275
urn:cts:greekLit:tlg5034.tlg001b,13696
urn:cts:greekLit:tlg5034.tlg001c,5021
urn:cts:greekLit:tlg5034.tlg001d,3231
urn:cts:greekLit:tlg5037.tlg004,16168
urn:cts:greekLit:tlg9004.tlg001,18275
urn:cts:greekLit:tlg9006.tlg001,934
urn:cts:greekLit:tlg9006.tlg011,6212
urn:cts:greekLit:tlg9007.tlg001,2115
urn:cts:greekLit:tlg9010.tlg001,148417
urn:cts:latinLit:phi0119.phi001,9198
urn:cts:latinLit:phi0119.phi002,7630
urn:cts:latinLit:phi0119.phi003,6545
urn:cts:latinLit:phi0119.phi004,9398
urn:cts:latinLit:phi0119.phi005,8310
urn:cts:latinLit:phi0119.phi006,7171
urn:cts:latinLit:phi0119.phi007,4821
urn:cts:latinLit:phi0119.phi008,5730
urn:cts:latinLit:phi0119.phi009,5979
urn:cts:latinLit:phi0119.phi010,8943
urn:cts:latinLit:phi0119.phi011,8000
urn:cts:latinLit:phi0119.phi012,11873
urn:cts:latinLit:phi0119.phi013,8902
urn:cts:latinLit:phi0119.phi014,7192
urn:cts:latinLit:phi0119.phi015,10721
urn:cts:latinLit:phi0119.phi016,10105
urn:cts:latinLit:phi0119.phi017,11046
urn:cts:latinLit:phi0119.phi018,5940
urn:cts:latinLit:phi0119.phi019,9358
urn:cts:latinLit:phi0119.phi020,7854
urn:cts:latinLit:phi0134.phi001,6651
urn:cts:latinLit:phi0134.phi002,7221
urn:cts:latinLit:phi0134.phi003,7419
urn:cts:latinLit:phi0134.phi004,6940
urn:cts:latinLit:phi0134.phi005,6779
urn:cts:latinLit:phi0134.phi006,6880
urn:cts:latinLit:phi0448.phi001,11476
urn:cts:latinLit:phi0448.phi002,15060
urn:cts:latinLit:phi0472.phi001,2440
urn:cts:latinLit:phi0474.phi001,8630
urn:cts:latinLit:phi0474.phi002,13280
urn:cts:latinLit:phi0474.phi003,4762
urn:cts:latinLit:phi0474.phi004,5813
urn:cts:latinLit:phi0474.phi005,95651
urn:cts:latinLit:phi0474.phi006,3444
urn:cts:latinLit:phi0474.phi007,4537
urn:cts:latinLit:phi0474.phi008,10365
urn:cts:latinLit:phi0474.phi009,6668
urn:cts:latinLit:phi0474.phi010,20821
urn:cts:latinLit:phi0474.phi011,10210
urn:cts:latinLit:phi0474.phi012,3555
urn:cts:latinLit:phi0474.phi013,3355
urn:cts:latinLit:phi0474.phi014,10576
urn:cts:latinLit:phi0474.phi015,9289
urn:cts:latinLit:phi0474.phi016,3115
urn:cts:latinLit:phi0474.phi017,10908
urn:cts:latinLit:phi0474.phi018,2636
urn:cts:latinLit:phi0474.phi019,4329
urn:cts:latinLit:phi0474.phi020,15118
urn:cts:latinLit:phi0474.phi021,7511
urn:cts:latinLit:phi0474.phi022,16755
urn:cts:latinLit:phi0474.phi023,4472
urn:cts:latinLit:phi0474.phi024,8499
urn:cts:latinLit:phi0474.phi025,5118
urn:cts:latinLit:phi0474.phi026,6780
urn:cts:latinLit:phi0474.phi027,10887
urn:cts:latinLit:phi0474.phi028,11594
urn:cts:latinLit:phi0474.phi029,2964
urn:cts:latinLit:phi0474.phi030,4068
urn:cts:latinLit:phi0474.phi031,10483
urn:cts:latinLit:phi0474.phi032,2764
urn:cts:latinLit:phi0474.phi033,3272
urn:cts:latinLit:phi0474.phi034,3896
urn:cts:latinLit:phi0474.phi035,11329
urn:cts:latinLit:phi0474.phi036,17794
urn:cts:latinLit:phi0474.phi037,27004
urn:cts:latinLit:phi0474.phi038,9901
urn:cts:latinLit:phi0474.phi039,25053
urn:cts:latinLit:phi0474.phi040,18492
urn:cts:latinLit:phi0474.phi041,1609
urn:cts:latinLit:phi0474.phi042,6895
urn:cts:latinLit:phi0474.phi043,8121
urn:cts:latinLit:phi0474.phi045,4226
urn:cts:latinLit:phi0474.phi046,18035
urn:cts:latinLit:phi0474.phi047,888
urn:cts:latinLit:phi0474.phi048,12574
urn:cts:latinLit:phi0474.phi049,12532
urn:cts:latinLit:phi0474.phi050,15400
urn:cts:latinLit:phi0474.phi051,8245
urn:cts:latinLit:phi0474.phi052,9312
urn:cts:latinLit:phi0474.phi053,14713
urn:cts:latinLit:phi0474.phi054,5210
urn:cts:latinLit:phi0474.phi055,14465
urn:cts:latinLit:phi0474.phi056,11214
urn:cts:latinLit:phi0474.phi057,9401
urn:cts:latinLit:phi0474.phi058,7908
urn:cts:latinLit:phi0474.phi059,7705
urn:cts:latinLit:phi0474.phi072,4232
urn:cts:latinLit:phi0478.phi003,4348
urn:cts:latinLit:phi0550.phi001,9514
urn:cts:latinLit:phi0588.abo001,248
urn:cts:latinLit:phi0588.abo002,248
urn:cts:latinLit:phi0588.abo003,133
urn:cts:latinLit:phi0588.abo004,202
urn:cts:latinLit:phi0588.abo005,163
urn:cts:latinLit:phi0588.abo006,165
urn:cts:latinLit:phi0588.abo007,260
urn:cts:latinLit:phi0588.abo008,185
urn:cts:latinLit:phi0588.abo009,185
urn:cts:latinLit:phi0588.abo010,185
urn:cts:latinLit:phi0588.abo011,146
urn:cts:latinLit:phi0588.abo012,154
urn:cts:latinLit:phi0588.abo013,224
urn:cts:latinLit:phi0588.abo014,273
urn:cts:latinLit:phi0588.abo015,233
urn:cts:latinLit:phi0588.abo016,176
urn:cts:latinLit:phi0588.abo017,241
urn:cts:latinLit:phi0588.abo018,250
urn:cts:latinLit:phi0588.abo019,178
urn:cts:latinLit:phi0588.abo020,219
urn:cts:latinLit:phi0588.abo021,161
urn:cts:latinLit:phi0588.abo022,192
urn:cts:latinLit:phi0588.abo023,229
urn:cts:latinLit:phi0588.abo024,136
urn:cts:latinLit:phi0588.abo025,240
urn:cts:latinLit:phi0620.phi001,8787
urn:cts:latinLit:phi0631.phi001,10686
urn:cts:latinLit:phi0631.phi002,21259
urn:cts:latinLit:phi0631.phi003,908
urn:cts:latinLit:phi0660.phi001,5205
urn:cts:latinLit:phi0660.phi003,61
urn:cts:latinLit:phi0684.phi002,14506
urn:cts:latinLit:phi0690.phi001,788
urn:cts:latinLit:phi0690.phi002,3700
urn:cts:latinLit:phi0690.phi003,6197
urn:cts:latinLit:phi0836.phi002,17964
urn:cts:latinLit:phi0845.phi002,10219
urn:cts:latinLit:phi0860.phi001,13189
urn:cts:latinLit:phi0893.phi001,4348
urn:cts:latinLit:phi0893.phi002,310
urn:cts:latinLit:phi0893.phi003,444
urn:cts:latinLit:phi0893.phi004,7286
urn:cts:latinLit:phi0893.phi005,6718
urn:cts:latinLit:phi0893.phi006,3090
urn:cts:latinLit:phi0914.phi001,20254
urn:cts:latinLit:phi0917.phi001,7077
urn:cts:latinLit:phi0929.phi001,5555
urn:cts:latinLit:phi0959.phi001,5555
urn:cts:latinLit:phi0959.phi002,2490
urn:cts:latinLit:phi0959.phi003,613
urn:cts:latinLit:phi0959.phi004,5173
urn:cts:latinLit:phi0959.phi005,5256
urn:cts:latinLit:phi0959.phi006,6305
urn:cts:latinLit:phi0959.phi007,5981
urn:cts:latinLit:phi0959.phi008,5110
urn:cts:latinLit:phi0959.phi009,6037
urn:cts:latinLit:phi0959.phi010,4618
urn:cts:latinLit:phi0969.phi001,1287
urn:cts:latinLit:phi0972.phi001,30029
urn:cts:latinLit:phi0975.phi001,2405
urn:cts:latinLit:phi0978.phi001,19080
urn:cts:latinLit:phi1002.phi001,19082
urn:cts:latinLit:phi1014.phi001,15705
urn:cts:latinLit:phi1014.phi002,3136
urn:cts:latinLit:phi1014.phi003,2815
urn:cts:latinLit:phi1014.phi004,145
urn:cts:latinLit:phi1017.phi001,7513
urn:cts:latinLit:phi1017.phi002,6700
urn:cts:latinLit:phi1017.phi003,4076
urn:cts:latinLit:phi1017.phi004,5563
urn:cts:latinLit:phi1017.phi005,7076
urn:cts:latinLit:phi1017.phi006,5782
urn:cts:latinLit:phi1017.phi007,5457
urn:cts:latinLit:phi1017.phi008,6169
urn:cts:latinLit:phi1017.phi009,11171
urn:cts:latinLit:phi1017.phi010,5030
urn:cts:latinLit:phi1017.phi011,2873
urn:cts:latinLit:phi1017.phi013,8278
urn:cts:latinLit:phi1017.phi014,6917
urn:cts:latinLit:phi1017.phi015,4231
urn:cts:latinLit:phi1020.phi001,6082
urn:cts:latinLit:phi1020.phi002,5469
urn:cts:latinLit:phi1020.phi003,6208
urn:cts:latinLit:phi1035.phi001,5607
urn:cts:latinLit:phi1038.phi001,10009
urn:cts:latinLit:phi1056.phi001,8374
urn:cts:latinLit:phi1103.phi001,243
urn:cts:latinLit:phi1212.phi001,21828
urn:cts:latinLit:phi1212.phi002,6529
urn:cts:latinLit:phi1212.phi003,7855
urn:cts:latinLit:phi1242.phi001,16363
urn:cts:latinLit:phi1254.phi001,9757
urn:cts:latinLit:phi1276.phi001,4495
urn:cts:latinLit:phi1294.phi002,5228
urn:cts:latinLit:phi1318.phi001,9483
urn:cts:latinLit:phi1345.phi001,5686
urn:cts:latinLit:phi1348.abo011,9743
urn:cts:latinLit:phi1348.abo012,13852
urn:cts:latinLit:phi1348.abo013,9288
urn:cts:latinLit:phi1348.abo014,7754
urn:cts:latinLit:phi1348.abo015,6562
urn:cts:latinLit:phi1348.abo016,7938
urn:cts:latinLit:phi1348.abo017,2863
urn:cts:latinLit:phi1348.abo018,1670
urn:cts:latinLit:phi1348.abo019,2400
urn:cts:latinLit:phi1348.abo020,3212
urn:cts:latinLit:phi1348.abo021,1486
urn:cts:latinLit:phi1348.abo022,3581
urn:cts:latinLit:phi1351.phi001,258
urn:cts:latinLit:phi1351.phi002,251
urn:cts:latinLit:phi1351.phi004,12750
urn:cts:latinLit:phi2003.phi001,2833
urn:cts:latinLit:phi2003.phi002,78
urn:cts:latinLit:phi2003.phi003,122
urn:cts:latinLit:phi2003.phi004,2404
urn:cts:latinLit:phi2331.phi001,5132
urn:cts:latinLit:phi2331.phi002,1441
urn:cts:latinLit:phi2331.phi003,2247
urn:cts:latinLit:phi2331.phi004,5507
urn:cts:latinLit:phi2331.phi005,2060
urn:cts:latinLit:phi2331.phi006,2616
urn:cts:latinLit:phi2331.phi007,3470
urn:cts:latinLit:phi2331.phi008,2605
urn:cts:latinLit:phi2331.phi009,1590
urn:cts:latinLit:phi2331.phi010,4218
urn:cts:latinLit:phi2331.phi011,2280
urn:cts:latinLit:phi2331.phi012,2705
urn:cts:latinLit:phi2331.phi013,2040
urn:cts:latinLit:phi2331.phi014,1231
urn:cts:latinLit:phi2331.phi015,2489
urn:cts:latinLit:phi2331.phi016,1673
urn:cts:latinLit:phi2331.phi017,5789
urn:cts:latinLit:phi2331.phi018,10681
urn:cts:latinLit:phi2331.phi019,5424
urn:cts:latinLit:phi2331.phi020,5556
urn:cts:latinLit:phi2331.phi021,3147
urn:cts:latinLit:phi2331.phi022,1027
urn:cts:latinLit:phi2331.phi023,3690
urn:cts:latinLit:phi2331.phi024,6647
urn:cts:latinLit:phi2331.phi025,2983
urn:cts:latinLit:phi2331.phi026,7843
urn:cts:latinLit:phi2331.phi027,3104
urn:cts:latinLit:phi2331.phi028,4139
urn:cts:latinLit:phi2331.phi029,2326
urn:cts:latinLit:phi2331.phi030,2669
urn:cts:latinLit:phi9500.phi035,112
urn:cts:latinLit:stoa0007.stoa002,4648
urn:cts:latinLit:stoa0022.stoa014,10147
urn:cts:latinLit:stoa0022.stoa015,10121
urn:cts:latinLit:stoa0022.stoa019,6596
urn:cts:latinLit:stoa0022.stoa021,8145
urn:cts:latinLit:stoa0022.stoa025,8796
urn:cts:latinLit:stoa0022.stoa029,8569
urn:cts:latinLit:stoa0022.stoa032,5793
urn:cts:latinLit:stoa0022.stoa034,7473
urn:cts:latinLit:stoa0022.stoa035,9674
urn:cts:latinLit:stoa0022.stoa038,7989
urn:cts:latinLit:stoa0022.stoa039,17817
urn:cts:latinLit:stoa0022.stoa042,13988
urn:cts:latinLit:stoa0022.stoa044,10205
urn:cts:latinLit:stoa0022.stoa048,17432
urn:cts:latinLit:stoa0022.stoa051,22645
urn:cts:latinLit:stoa0022.stoa052,9470
urn:cts:latinLit:stoa0022.stoa054,12315
urn:cts:latinLit:stoa0022a.stoa001,85410
urn:cts:latinLit:stoa0023.stoa001,9302
urn:cts:latinLit:stoa0028e.stoa001,6049
urn:cts:latinLit:stoa0034.stoa001,15116
urn:cts:latinLit:stoa0040.stoa001,11613
urn:cts:latinLit:stoa0040.stoa001a,26328
urn:cts:latinLit:stoa0040.stoa003,21695
urn:cts:latinLit:stoa0040.stoa006,5803
urn:cts:latinLit:stoa0040.stoa011,717
urn:cts:latinLit:stoa0040.stoa014a,10972
urn:cts:latinLit:stoa0040.stoa015b,674
urn:cts:latinLit:stoa0040.stoa016,9968
urn:cts:latinLit:stoa0040.stoa017,17494
urn:cts:latinLit:stoa0040.stoa019,18986
urn:cts:latinLit:stoa0040.stoa020,22439
urn:cts:latinLit:stoa0040.stoa021,11104
urn:cts:latinLit:stoa0040.stoa021a,13013
urn:cts:latinLit:stoa0040.stoa023,12456
urn:cts:latinLit:stoa0040.stoa024,26421
urn:cts:latinLit:stoa0040.stoa024b,6566
urn:cts:latinLit:stoa0040.stoa025,13729
urn:cts:latinLit:stoa0040.stoa027,34782
urn:cts:latinLit:stoa0040.stoa029,11873
urn:cts:latinLit:stoa0040.stoa029a,15097
urn:cts:latinLit:stoa0040.stoa031,10269
urn:cts:latinLit:stoa0040.stoa031a,6941
urn:cts:latinLit:stoa0040.stoa032,7432
urn:cts:latinLit:stoa0040.stoa033,10323
urn:cts:latinLit:stoa0040.stoa033a,9766
urn:cts:latinLit:stoa0040.stoa034,7447
urn:cts:latinLit:stoa0040.stoa035,8915
urn:cts:latinLit:stoa0040.stoa035a,7599
urn:cts:latinLit:stoa0040.stoa036,7510
urn:cts:latinLit:stoa0040.stoa037,35251
urn:cts:latinLit:stoa0040.stoa037a,8755
urn:cts:latinLit:stoa0040.stoa037c,6750
urn:cts:latinLit:stoa0040.stoa038a,3604
urn:cts:latinLit:stoa0040.stoa040,6633
urn:cts:latinLit:stoa0040.stoa041,12290
urn:cts:latinLit:stoa0040.stoa042,10574
urn:cts:latinLit:stoa0040.stoa042a,12608
urn:cts:latinLit:stoa0040.stoa044,15526
urn:cts:latinLit:stoa0040.stoa046,9997
urn:cts:latinLit:stoa0040.stoa050,11903
urn:cts:latinLit:stoa0040.stoa053,7991
urn:cts:latinLit:stoa0040.stoa054,16738
urn:cts:latinLit:stoa0040.stoa055,12563
urn:cts:latinLit:stoa0040.stoa056,11246
urn:cts:latinLit:stoa0040.stoa056a,14278
urn:cts:latinLit:stoa0040.stoa056b,5251
urn:cts:latinLit:stoa0040.stoa056c,9428
urn:cts:latinLit:stoa0040.stoa057,15969
urn:cts:latinLit:stoa0040.stoa057a,9956
urn:cts:latinLit:stoa0040.stoa060,12308
urn:cts:latinLit:stoa0040.stoa062,193
urn:cts:latinLit:stoa0040.stoa063,142
urn:cts:latinLit:stoa0040.stoa064,10853
urn:cts:latinLit:stoa0040.stoa066c,3677
urn:cts:latinLit:stoa0040.stoa070,6341
urn:cts:latinLit:stoa0040.stoa070a,5279
urn:cts:latinLit:stoa0040.stoa072,2291
urn:cts:latinLit:stoa0040.stoa074,31597
urn:cts:latinLit:stoa0040.stoa077,17842
urn:cts:latinLit:stoa0040.stoa077c,2967
urn:cts:latinLit:stoa0040.stoa077d,1488
urn:cts:latinLit:stoa0040.stoa080,61095
urn:cts:latinLit:stoa0040.stoa080a,51738
urn:cts:latinLit:stoa0045.stoa001,127
urn:cts:latinLit:stoa0045.stoa002,597
urn:cts:latinLit:stoa0045.stoa003,1559
urn:cts:latinLit:stoa0045.stoa004,263
urn:cts:latinLit:stoa0045.stoa005,743
urn:cts:latinLit:stoa0045.stoa006,248
urn:cts:latinLit:stoa0045.stoa007,410
urn:cts:latinLit:stoa0045.stoa008,556
urn:cts:latinLit:stoa0045.stoa009,492
urn:cts:latinLit:stoa0045.stoa010,119
urn:cts:latinLit:stoa0045.stoa011,2071
urn:cts:latinLit:stoa0045.stoa012,60
urn:cts:latinLit:stoa0045.stoa013,171
urn:cts:latinLit:stoa0045.stoa014,4143
urn:cts:latinLit:stoa0045.stoa015,597
urn:cts:latinLit:stoa0045.stoa016,630
urn:cts:latinLit:stoa0045.stoa017,145
urn:cts:latinLit:stoa0045.stoa018,1377
urn:cts:latinLit:stoa0045.stoa019,2957
urn:cts:latinLit:stoa0045.stoa020,211
urn:cts:latinLit:stoa0045.stoa021,264
urn:cts:latinLit:stoa0045.stoa022,199
urn:cts:latinLit:stoa0045.stoa025,247
urn:cts:latinLit:stoa0045.stoa026,359
urn:cts:latinLit:stoa0045.stoa027,195
urn:cts:latinLit:stoa0045.stoa028,199
urn:cts:latinLit:stoa0045a.stoa001,18865
urn:cts:latinLit:stoa0054.stoa001a,4005
urn:cts:latinLit:stoa0058.stoa001,6850
urn:cts:latinLit:stoa0058.stoa003,1392
urn:cts:latinLit:stoa0058.stoa006,1932
urn:cts:latinLit:stoa0058.stoa007,16436
urn:cts:latinLit:stoa0058.stoa023,5900
urn:cts:latinLit:stoa0058.stoa025,2907
urn:cts:latinLit:stoa0058.stoa028,561
urn:cts:latinLit:stoa0076c.stoa001,8293
urn:cts:latinLit:stoa0076c.stoa002,6686
urn:cts:latinLit:stoa0076c.stoa003,9685
urn:cts:latinLit:stoa0089.stoa001,1456
urn:cts:latinLit:stoa0089.stoa002,3165
urn:cts:latinLit:stoa0089.stoa003,4045
urn:cts:latinLit:stoa0089.stoa004,3020
urn:cts:latinLit:stoa0089.stoa005,2899
urn:cts:latinLit:stoa0089.stoa006,2067
urn:cts:latinLit:stoa0089.stoa007,187
urn:cts:latinLit:stoa0089.stoa008,4091
urn:cts:latinLit:stoa0089.stoa009,3309
urn:cts:latinLit:stoa0089.stoa010,1279
urn:cts:latinLit:stoa0089.stoa011,3966
urn:cts:latinLit:stoa0089.stoa012,4018
urn:cts:latinLit:stoa0089.stoa013,2039
urn:cts:latinLit:stoa0089.stoa014,1705
urn:cts:latinLit:stoa0089a.stoa001,14921
urn:cts:latinLit:stoa0089a.stoa002,1677
urn:cts:latinLit:stoa0096.stoa003,4300
urn:cts:latinLit:stoa0096.stoa004,7323
urn:cts:latinLit:stoa0104a.stoa001,2747
urn:cts:latinLit:stoa0104a.stoa002,4593
urn:cts:latinLit:stoa0104a.stoa003,4118
urn:cts:latinLit:stoa0104a.stoa004,4065
urn:cts:latinLit:stoa0104a.stoa005,6418
urn:cts:latinLit:stoa0104a.stoa006,1771
urn:cts:latinLit:stoa0104a.stoa007,5914
urn:cts:latinLit:stoa0104a.stoa008,3922
urn:cts:latinLit:stoa0104a.stoa009,4822
urn:cts:latinLit:stoa0104a.stoa010,5050
urn:cts:latinLit:stoa0104a.stoa011,2929
urn:cts:latinLit:stoa0104a.stoa012,5022
urn:cts:latinLit:stoa0104a.stoa013,3819
urn:cts:latinLit:stoa0104a.stoa014,14549
urn:cts:latinLit:stoa0104a.stoa015,6242
urn:cts:latinLit:stoa0104c.stoa001,9257
urn:cts:latinLit:stoa0104p.stoa001,3989
urn:cts:latinLit:stoa0104p.stoa002,2396
urn:cts:latinLit:stoa0104p.stoa003,2498
urn:cts:latinLit:stoa0104p.stoa005,2484
urn:cts:latinLit:stoa0104p.stoa006,8655
urn:cts:latinLit:stoa0104p.stoa007,4737
urn:cts:latinLit:stoa0104p.stoa008,2935
urn:cts:latinLit:stoa0104p.stoa009,5080
urn:cts:latinLit:stoa0104p.stoa010,6941
urn:cts:latinLit:stoa0104p.stoa011,11571
urn:cts:latinLit:stoa0104p.stoa013,1983
urn:cts:latinLit:stoa0104p.stoa014,4304
urn:cts:latinLit:stoa0104p.stoa015,904
urn:cts:latinLit:stoa0104p.stoa016,2161
urn:cts:latinLit:stoa0104p.stoa018,2088
urn:cts:latinLit:stoa0104p.stoa019,367
urn:cts:latinLit:stoa0104p.stoa020,2155
urn:cts:latinLit:stoa0104p.stoa021,576
urn:cts:latinLit:stoa0111.stoa001,1015
urn:cts:latinLit:stoa0114a.stoa001,665
urn:cts:latinLit:stoa0114a.stoa002,587
urn:cts:latinLit:stoa0114a.stoa003,5891
urn:cts:latinLit:stoa0114a.stoa004,16490
urn:cts:latinLit:stoa0114a.stoa005,2181
urn:cts:latinLit:stoa0114a.stoa006,4812
urn:cts:latinLit:stoa0114a.stoa007,1456
urn:cts:latinLit:stoa0114a.stoa008,7101
urn:cts:latinLit:stoa0114a.stoa011,1598
urn:cts:latinLit:stoa0114a.stoa012,7999
urn:cts:latinLit:stoa0114a.stoa013,265
urn:cts:latinLit:stoa0114a.stoa014,662
urn:cts:latinLit:stoa0114a.stoa015,10668
urn:cts:latinLit:stoa0117.stoa001,3839
urn:cts:latinLit:stoa0117.stoa002,8765
urn:cts:latinLit:stoa0117.stoa003,14599
urn:cts:latinLit:stoa0117.stoa004,1664
urn:cts:latinLit:stoa0117p.stoa001,1527
urn:cts:latinLit:stoa0119.stoa001,826
urn:cts:latinLit:stoa0119.stoa002,620
urn:cts:latinLit:stoa0119.stoa003,4327
urn:cts:latinLit:stoa0120c.stoa001,6730
urn:cts:latinLit:stoa0120d.stoa001,7237
urn:cts:latinLit:stoa0121g.stoa001,12239
urn:cts:latinLit:stoa0121g.stoa002,6129
urn:cts:latinLit:stoa0121g.stoa003,11737
urn:cts:latinLit:stoa0121g.stoa004,28026
urn:cts:latinLit:stoa0121g.stoa005,1500
urn:cts:latinLit:stoa0122a.stoa001,906
urn:cts:latinLit:stoa0123a.stoa001,1505
urn:cts:latinLit:stoa0149b.stoa001,8345
urn:cts:latinLit:stoa0149b.stoa002,10593
urn:cts:latinLit:stoa0149b.stoa003,318
urn:cts:latinLit:stoa0149b.stoa004,828
urn:cts:latinLit:stoa0149b.stoa005,255
urn:cts:latinLit:stoa0149b.stoa006,563
urn:cts:latinLit:stoa0149b.stoa007,602
urn:cts:latinLit:stoa0149b.stoa008,1083
urn:cts:latinLit:stoa0149b.stoa009,6426
urn:cts:latinLit:stoa0149c.stoa001,110
urn:cts:latinLit:stoa0149p.stoa001,733
urn:cts:latinLit:stoa0149p.stoa002,2708
urn:cts:latinLit:stoa0149p.stoa003,1301
urn:cts:latinLit:stoa0162.stoa004,11423
urn:cts:latinLit:stoa0162.stoa024,14867
urn:cts:latinLit:stoa0169a.stoa002,5136
urn:cts:latinLit:stoa0171.stoa001,1069
urn:cts:latinLit:stoa0171.stoa002,606
urn:cts:latinLit:stoa0171.stoa004,517
urn:cts:latinLit:stoa0171.stoa006,2044
urn:cts:latinLit:stoa0171.stoa007,1069
urn:cts:latinLit:stoa0171.stoa008,520
urn:cts:latinLit:stoa0171.stoa009,18636
urn:cts:latinLit:stoa0171.stoa010,1200
urn:cts:latinLit:stoa0180a.stoa001,8559
urn:cts:latinLit:stoa0180a.stoa002,20708
urn:cts:latinLit:stoa0180a.stoa003,8622
urn:cts:latinLit:stoa0180a.stoa004,21781
urn:cts:latinLit:stoa0180a.stoa005,2951
urn:cts:latinLit:stoa0180a.stoa006,8986
urn:cts:latinLit:stoa0195a.stoa002,887
urn:cts:latinLit:stoa0203.stoa001,544
urn:cts:latinLit:stoa0215a.stoa001,6558
urn:cts:latinLit:stoa0215a.stoa002,9088
urn:cts:latinLit:stoa0215b.stoa001,3981
urn:cts:latinLit:stoa0215b.stoa002,671
urn:cts:latinLit:stoa0215b.stoa003,337
urn:cts:latinLit:stoa0215c.stoa001,17263
urn:cts:latinLit:stoa0215c.stoa002,604
urn:cts:latinLit:stoa0215c.stoa003,1130
urn:cts:latinLit:stoa0222a.stoa001,769
urn:cts:latinLit:stoa0223.stoa001,5416
urn:cts:latinLit:stoa0223.stoa002,717
urn:cts:latinLit:stoa0223a.stoa001,3953
urn:cts:latinLit:stoa0224b.stoa001,5284
urn:cts:latinLit:stoa0224b.stoa002,521
urn:cts:latinLit:stoa0224b.stoa003,158
urn:cts:latinLit:stoa0227b.stoa001,4479
urn:cts:latinLit:stoa0233d.stoa001,4216
urn:cts:latinLit:stoa0233d.stoa002,844
urn:cts:latinLit:stoa0233h.stoa001,943
urn:cts:latinLit:stoa0234e.stoa001,4174
urn:cts:latinLit:stoa0234e.stoa002,6417
urn:cts:latinLit:stoa0234f.stoa001,4972
urn:cts:latinLit:stoa0238.stoa001,6078
urn:cts:latinLit:stoa0238.stoa002,5673
urn:cts:latinLit:stoa0238.stoa003,234
urn:cts:latinLit:stoa0238.stoa004,1061
urn:cts:latinLit:stoa0238.stoa005,7097
urn:cts:latinLit:stoa0238.stoa006,6087
urn:cts:latinLit:stoa0238.stoa007,7525
urn:cts:latinLit:stoa0238.stoa008,1251
urn:cts:latinLit:stoa0238.stoa009,136
urn:cts:latinLit:stoa0241d.stoa002,12438
urn:cts:latinLit:stoa0244d.stoa005,15829
urn:cts:latinLit:stoa0245a.stoa001,15184
urn:cts:latinLit:stoa0245c.stoa001,289
urn:cts:latinLit:stoa0249a.stoa002,8365
urn:cts:latinLit:stoa0249a.stoa003,1920
urn:cts:latinLit:stoa0249a.stoa004,7521
urn:cts:latinLit:stoa0251.stoa001,1734
urn:cts:latinLit:stoa0252.stoa001,299
urn:cts:latinLit:stoa0252.stoa002,2786
urn:cts:latinLit:stoa0252.stoa003,788
urn:cts:latinLit:stoa0252.stoa006,1127
urn:cts:latinLit:stoa0252.stoa007,697
urn:cts:latinLit:stoa0252.stoa008,5673
urn:cts:latinLit:stoa0255.stoa004,606
urn:cts:latinLit:stoa0255.stoa006,697
urn:cts:latinLit:stoa0255.stoa007,599
urn:cts:latinLit:stoa0255.stoa008,544
urn:cts:latinLit:stoa0255.stoa009,445
urn:cts:latinLit:stoa0255.stoa010,9664
urn:cts:latinLit:stoa0255.stoa011,491
urn:cts:latinLit:stoa0255.stoa012,967
urn:cts:latinLit:stoa0255.stoa013,947
urn:cts:latinLit:stoa0255.stoa014,490
urn:cts:latinLit:stoa0270.stoa001,12732
urn:cts:latinLit:stoa0270.stoa002,362
urn:cts:latinLit:stoa0270.stoa003,6768
urn:cts:latinLit:stoa0270.stoa005,1092
urn:cts:latinLit:stoa0270p.stoa001,5296
urn:cts:latinLit:stoa0275.stoa001,1487
urn:cts:latinLit:stoa0275.stoa002,7865
urn:cts:latinLit:stoa0275.stoa003,1502
urn:cts:latinLit:stoa0275.stoa004,11196
urn:cts:latinLit:stoa0275.stoa005,11186
urn:cts:latinLit:stoa0275.stoa006,33546
urn:cts:latinLit:stoa0275.stoa007,14638
urn:cts:latinLit:stoa0275.stoa008,6400
urn:cts:latinLit:stoa0275.stoa009,1285
urn:cts:latinLit:stoa0275.stoa010,23691
urn:cts:latinLit:stoa0275.stoa011,4298
urn:cts:latinLit:stoa0275.stoa012,9503
urn:cts:latinLit:stoa0275.stoa013,4867
urn:cts:latinLit:stoa0275.stoa014,5124
urn:cts:latinLit:stoa0275.stoa015,3905
urn:cts:latinLit:stoa0275.stoa016,5314
urn:cts:latinLit:stoa0275.stoa017,6923
urn:cts:latinLit:stoa0275.stoa018,5929
urn:cts:latinLit:stoa0275.stoa019,6992
urn:cts:latinLit:stoa0275.stoa020,4508
urn:cts:latinLit:stoa0275.stoa021,4074
urn:cts:latinLit:stoa0275.stoa022,3426
urn:cts:latinLit:stoa0275.stoa023,4545
urn:cts:latinLit:stoa0275.stoa024,8304
urn:cts:latinLit:stoa0275.stoa025,13503
urn:cts:latinLit:stoa0275.stoa026,22721
urn:cts:latinLit:stoa0275.stoa027,6396
urn:cts:latinLit:stoa0275.stoa028,2261
urn:cts:latinLit:stoa0275.stoa029,5569
urn:cts:latinLit:stoa0275.stoa030,8048
urn:cts:latinLit:stoa0276.stoa002,2132
urn:cts:latinLit:stoa0276.stoa003,2559
urn:cts:latinLit:stoa0276.stoa006,700
urn:cts:latinLit:stoa0276.stoa010,1094
urn:cts:latinLit:stoa0278a.stoa001,2515
urn:cts:latinLit:stoa0292a.stoa004,2657
urn:cts:latinLit:stoa0292b.stoa001,5031
urn:cts:latinLit:stoa0292d.stoa001,9422
urn:cts:latinLit:stoa0292e.stoa001,1266
urn:cts:latinLit:stoa0292e.stoa002,1282
urn:cts:latinLit:stoa0292p.stoa001,1221
urn:cts:latinLit:stoa0292p.stoa002,311
urn:cts:latinLit:stoa0329.stoa001,4042
urn:cts:latinLit:stoa0329c.stoa001,542
urn:cts:latinLit:stoa0367.stoa001,6667
